Sale_ID,Product_ID,Customer_ID,Date,Quantity,Sale_Price,Channel
1,104,2001,2023-06-10,3,63.34,Online
2,104,2002,2024-01-12,3,59.03,In-Store
3,117,2002,2024-04-19,1,133.38,Online
4,101,2002,2023-09-11,3,26.88,Online
5,111,2002,2023-08-15,1,51.57,Online
6,102,2002,2023-09-28,1,29.55,Online
7,104,2002,2023-12-20,1,61.94,In-Store
8,114,2002,2023-08-25,2,58.73,In-Store
9,116,2002,2023-10-16,1,257.33,In-Store
10,108,2002,2023-12-16,3,193.33,Online
11,117,2002,2024-04-14,3,120.28,Online
12,105,2003,2024-04-29,1,123.89,In-Store
13,108,2003,2024-01-08,2,200.06,In-Store
14,114,2003,2023-11-15,1,59.66,In-Store
15,118,2003,2023-12-20,3,134.0,In-Store
16,114,2003,2024-03-04,3,54.66,In-Store
17,111,2003,2024-01-22,3,49.77,In-Store
18,113,2003,2024-01-29,1,10.58,In-Store
19,112,2003,2023-11-14,2,27.61,Online
20,110,2003,2024-01-15,2,109.3,In-Store
21,102,2003,2023-07-14,3,24.6,Online
22,112,2003,2023-10-16,3,27.85,In-Store
23,103,2003,2024-04-10,2,92.74,Online
24,105,2004,2023-09-25,3,109.44,Online
25,109,2004,2023-08-07,3,147.77,Online
26,107,2004,2024-03-04,1,64.25,Online
27,106,2004,2024-04-20,2,35.13,Online
28,107,2004,2024-04-07,1,65.28,Online
29,112,2004,2024-04-13,3,31.95,In-Store
30,112,2004,2024-03-16,2,31.4,In-Store
31,117,2004,2023-08-03,1,129.09,In-Store
32,109,2005,2023-12-17,1,150.6,Online
33,104,2005,2023-11-29,2,63.29,Online
34,104,2005,2023-11-01,2,68.15,In-Store
35,104,2006,2023-10-31,3,65.84,Online
36,116,2007,2024-02-09,1,252.37,Online
37,101,2007,2024-05-06,1,28.67,Online
38,113,2007,2023-09-20,2,11.36,In-Store
39,113,2007,2023-08-03,3,11.55,Online
40,110,2007,2024-03-21,2,108.33,In-Store
41,112,2007,2023-09-06,1,27.93,In-Store
42,110,2007,2023-10-08,1,127.8,In-Store
43,116,2007,2024-05-13,1,259.92,Online
44,104,2007,2024-03-02,3,66.75,In-Store
45,114,2007,2024-03-24,3,60.2,In-Store
46,106,2007,2023-12-14,2,34.55,Online
47,114,2007,2024-03-09,2,55.66,In-Store
48,106,2007,2024-01-23,3,38.42,Online
49,106,2007,2024-03-25,2,34.17,Online
50,110,2007,2024-04-25,2,112.94,Online
51,113,2007,2023-12-11,1,9.83,Online
52,107,2008,2023-07-26,2,64.07,In-Store
53,105,2008,2024-01-20,3,117.52,In-Store
54,107,2008,2024-01-23,3,60.67,Online
55,105,2008,2024-01-25,2,124.21,Online
56,101,2008,2023-08-17,3,28.04,Online
57,111,2008,2023-08-25,3,43.11,Online
58,103,2008,2024-03-20,3,87.86,In-Store
59,111,2008,2023-08-18,2,48.29,Online
60,113,2008,2023-09-12,1,10.49,In-Store
61,114,2008,2023-09-06,3,52.99,In-Store
62,106,2008,2023-10-12,1,36.88,Online
63,103,2008,2023-10-03,1,79.96,In-Store
64,106,2008,2023-08-23,1,36.7,In-Store
65,118,2008,2023-10-29,2,139.26,In-Store
66,105,2008,2023-11-01,1,119.92,Online
67,111,2008,2023-12-04,3,49.29,In-Store
68,110,2008,2024-01-17,3,107.59,Online
69,113,2008,2024-02-19,2,10.91,In-Store
70,109,2009,2024-01-25,3,154.19,Online
71,112,2009,2024-01-18,3,30.5,In-Store
72,114,2009,2023-12-15,2,59.38,Online
73,117,2009,2023-12-01,2,128.33,In-Store
74,114,2009,2024-03-10,2,55.42,In-Store
75,110,2009,2024-03-13,1,116.79,Online
76,108,2009,2023-09-10,2,214.2,Online
77,110,2009,2024-04-15,1,109.12,In-Store
78,116,2009,2023-12-24,2,238.33,In-Store
79,112,2010,2023-08-11,1,32.06,Online
80,109,2010,2024-03-01,2,155.34,Online
81,109,2010,2023-11-26,2,153.38,In-Store
82,115,2010,2024-03-18,2,120.45,In-Store
83,110,2010,2023-08-09,1,113.0,Online
84,101,2010,2024-05-12,1,24.81,Online
85,106,2010,2023-11-28,1,34.19,In-Store
86,101,2010,2023-10-16,2,27.12,In-Store
87,103,2010,2023-10-07,1,79.75,In-Store
88,115,2010,2023-11-15,1,134.13,Online
89,104,2010,2024-01-16,3,62.4,Online
90,107,2011,2023-11-10,3,69.2,Online
91,104,2011,2023-09-10,2,56.81,Online
92,117,2011,2024-01-30,1,143.31,Online
93,113,2011,2023-12-27,2,11.28,Online
94,110,2011,2024-04-19,1,124.83,In-Store
95,104,2011,2024-04-29,3,63.13,Online
96,113,2011,2024-01-21,1,11.1,Online
97,108,2011,2023-10-22,3,208.28,Online
98,116,2011,2024-03-19,2,246.67,In-Store
99,112,2011,2023-11-22,3,27.15,Online
100,118,2011,2023-10-30,3,136.63,Online
101,110,2011,2024-01-31,3,108.08,Online
102,108,2011,2023-09-17,1,195.56,In-Store
103,105,2011,2023-09-10,1,123.46,In-Store
104,104,2011,2024-04-22,3,56.73,In-Store
105,103,2011,2024-05-07,1,94.83,In-Store
106,106,2011,2024-03-20,3,37.45,Online
107,104,2011,2024-03-08,1,64.27,In-Store
108,117,2011,2024-01-05,2,138.72,Online
109,105,2011,2023-10-09,3,108.27,In-Store
110,114,2011,2023-08-23,3,57.56,Online
111,112,2012,2023-08-10,2,30.7,In-Store
112,110,2012,2023-08-03,3,123.85,Online
113,117,2012,2023-10-21,3,136.01,Online
114,111,2012,2023-10-04,2,49.39,Online
115,107,2012,2023-07-30,3,62.59,Online
116,102,2012,2024-02-27,1,29.15,Online
117,117,2012,2023-09-22,2,143.05,Online
118,106,2012,2023-12-06,2,34.09,Online
119,110,2012,2023-11-22,2,123.4,In-Store
120,106,2012,2024-02-08,1,37.84,Online
121,110,2012,2024-03-30,2,121.58,Online
122,114,2012,2023-11-07,2,60.34,In-Store
123,107,2012,2024-03-04,1,65.14,Online
124,118,2012,2023-12-15,1,127.04,Online
125,114,2012,2024-03-24,1,53.83,Online
126,106,2012,2024-02-04,3,36.82,In-Store
127,116,2012,2024-02-10,2,222.4,Online
128,109,2012,2024-04-06,3,145.07,In-Store
129,108,2012,2023-10-04,3,196.15,In-Store
130,113,2013,2023-11-03,3,9.7,In-Store
131,107,2013,2023-06-29,2,59.44,In-Store
132,109,2013,2023-08-28,1,136.81,Online
133,111,2013,2023-12-14,2,50.13,Online
134,113,2013,2024-02-27,3,9.99,Online
135,112,2013,2023-07-20,3,32.8,Online
136,103,2013,2023-07-26,3,85.85,In-Store
137,102,2013,2024-01-01,2,28.22,Online
138,102,2013,2023-09-12,2,25.68,Online
139,110,2013,2024-04-05,3,112.48,Online
140,118,2013,2023-09-09,1,116.89,In-Store
141,117,2013,2023-10-13,1,143.83,In-Store
142,111,2013,2024-03-04,3,51.09,In-Store
143,110,2013,2024-02-23,2,118.29,In-Store
144,101,2013,2024-02-24,2,25.23,In-Store
145,103,2013,2023-12-13,1,79.28,In-Store
146,110,2013,2023-12-01,3,109.58,In-Store
147,112,2013,2023-09-13,1,27.64,Online
148,111,2013,2023-09-20,1,46.26,Online
149,112,2014,2023-10-14,2,28.2,In-Store
150,117,2015,2023-10-12,3,127.53,In-Store
151,107,2016,2023-09-08,3,59.16,Online
152,113,2016,2023-08-05,1,10.84,In-Store
153,111,2017,2023-06-06,1,44.47,In-Store
154,102,2017,2023-06-12,3,29.25,In-Store
155,107,2017,2023-06-23,2,62.1,Online
156,109,2018,2023-10-10,2,131.69,In-Store
157,108,2018,2023-08-29,3,192.39,Online
158,106,2018,2024-01-21,1,36.11,Online
159,109,2018,2024-02-23,3,154.14,Online
160,115,2018,2024-04-27,3,118.5,Online
161,103,2018,2024-02-06,3,86.6,Online
162,116,2018,2024-03-27,3,223.75,Online
163,106,2018,2023-12-05,2,33.02,In-Store
164,106,2018,2023-08-10,3,32.84,In-Store
165,104,2018,2023-08-02,3,56.6,In-Store
166,118,2018,2024-03-30,2,127.26,In-Store
167,106,2018,2024-04-15,3,37.99,In-Store
168,117,2018,2023-09-09,2,140.12,Online
169,105,2019,2024-01-29,3,106.06,In-Store
170,101,2020,2023-07-03,2,28.16,Online
171,112,2020,2024-01-05,1,32.62,Online
172,107,2020,2023-11-16,2,68.54,Online
173,115,2021,2023-08-03,1,122.32,Online
174,104,2021,2023-10-18,3,61.3,In-Store
175,107,2021,2024-01-22,2,70.27,Online
176,112,2021,2024-02-16,1,30.51,Online
177,105,2021,2023-12-24,3,124.77,Online
178,107,2021,2023-08-12,1,70.42,In-Store
179,113,2021,2024-03-23,3,10.6,Online
180,109,2021,2024-02-22,1,138.11,In-Store
181,116,2021,2023-07-30,2,256.56,In-Store
182,114,2021,2023-12-22,2,51.62,Online
183,106,2021,2023-12-28,2,36.38,Online
184,103,2021,2024-03-09,3,92.19,Online
185,111,2022,2023-10-31,2,43.13,Online
186,106,2022,2024-01-27,3,35.33,Online
187,110,2022,2024-02-04,1,128.24,In-Store
188,106,2022,2024-02-29,2,36.18,Online
189,112,2022,2023-11-21,1,29.92,Online
190,117,2022,2024-02-04,2,131.46,Online
191,118,2022,2023-11-29,3,118.56,In-Store
192,106,2022,2024-04-22,1,36.71,Online
193,102,2022,2023-09-25,2,28.35,Online
194,111,2022,2023-10-30,2,50.89,In-Store
195,105,2022,2023-11-07,3,120.76,Online
196,103,2022,2023-12-11,1,85.33,Online
197,101,2022,2023-12-19,3,28.92,Online
198,115,2022,2023-09-19,3,126.37,Online
199,113,2022,2023-08-15,1,10.9,Online
200,114,2022,2023-12-13,2,57.63,Online
201,109,2022,2023-12-14,1,146.98,Online
202,112,2022,2023-12-02,1,30.67,Online
203,107,2022,2023-11-07,3,66.7,In-Store
204,106,2022,2023-08-07,1,38.99,Online
205,118,2022,2023-10-22,2,126.74,In-Store
206,115,2023,2023-03-28,1,126.2,Online
207,110,2023,2023-11-18,2,126.09,In-Store
208,111,2024,2023-11-04,2,44.18,In-Store
209,115,2024,2023-06-14,1,140.14,Online
210,110,2025,2024-01-29,2,121.87,In-Store
211,109,2025,2023-10-16,2,150.05,Online
212,103,2025,2023-12-28,1,94.19,In-Store
213,103,2025,2023-08-13,2,92.17,Online
214,115,2025,2023-11-14,3,121.18,Online
215,105,2025,2024-01-26,3,123.45,Online
216,115,2025,2023-08-04,1,125.64,In-Store
217,114,2025,2024-03-01,1,53.52,In-Store
218,115,2025,2023-08-08,2,141.14,In-Store
219,110,2025,2023-12-18,3,114.48,Online
220,101,2025,2023-07-25,3,25.08,In-Store
221,107,2026,2024-01-09,3,71.13,In-Store
222,106,2026,2023-09-20,1,33.37,Online
223,113,2026,2023-10-20,3,11.61,Online
224,114,2026,2023-11-02,2,60.41,Online
225,107,2026,2023-10-08,2,63.92,Online
226,104,2026,2023-12-13,2,61.02,In-Store
227,108,2026,2024-03-06,2,211.35,In-Store
228,117,2026,2023-12-11,1,137.56,Online
229,114,2026,2023-09-01,2,53.89,In-Store
230,101,2026,2023-10-20,2,27.3,Online
231,117,2026,2023-10-15,2,140.47,Online
232,108,2026,2024-04-12,3,180.92,Online
233,118,2026,2023-11-11,3,137.62,Online
234,115,2026,2024-01-09,2,118.32,Online
235,116,2026,2023-08-06,3,229.9,Online
236,103,2026,2023-10-26,3,92.91,In-Store
237,111,2026,2023-12-05,1,49.5,In-Store
238,101,2026,2023-07-24,3,26.12,Online
239,103,2027,2023-08-21,1,80.55,Online
240,106,2027,2023-11-09,1,33.44,Online
241,110,2027,2024-01-12,2,123.54,Online
242,103,2028,2023-11-27,3,90.55,In-Store
243,106,2028,2023-12-19,2,34.65,Online
244,101,2028,2024-03-31,2,26.71,In-Store
245,107,2028,2024-04-21,3,71.04,Online
246,105,2028,2024-02-13,3,122.93,Online
247,102,2028,2023-11-03,1,24.76,Online
248,115,2028,2024-02-22,3,140.17,Online
249,107,2028,2023-11-16,1,69.46,Online
250,101,2028,2023-08-26,3,27.1,Online
251,118,2028,2024-03-11,1,142.09,In-Store
252,118,2029,2023-12-16,3,140.88,Online
253,114,2029,2024-01-17,3,57.73,Online
254,107,2029,2023-10-23,2,68.5,Online
255,103,2029,2023-10-21,3,89.93,In-Store
256,105,2029,2024-05-17,2,109.84,Online
257,108,2029,2024-05-02,2,190.48,Online
258,110,2029,2023-09-08,1,111.01,In-Store
259,103,2029,2024-01-21,3,93.46,In-Store
260,108,2029,2023-11-14,2,209.4,Online
261,104,2029,2024-02-23,3,64.24,Online
262,118,2029,2024-01-16,3,118.58,Online
263,117,2029,2024-05-02,3,134.37,In-Store
264,111,2029,2024-05-06,2,48.67,Online
265,116,2029,2024-02-16,2,246.57,In-Store
266,112,2030,2024-01-28,3,29.24,In-Store
267,118,2030,2023-11-23,3,141.37,Online
268,117,2030,2023-08-13,3,133.87,In-Store
269,112,2030,2024-02-23,1,27.81,Online
270,107,2030,2023-09-18,1,65.11,In-Store
271,114,2030,2024-05-02,2,57.38,Online
272,114,2030,2023-10-23,2,57.25,In-Store
273,103,2030,2024-04-12,1,78.2,Online
274,112,2030,2024-03-13,3,32.43,In-Store
275,103,2030,2023-12-09,1,91.1,Online
276,115,2030,2023-08-08,1,123.04,Online
277,105,2030,2023-12-29,3,112.08,Online
278,108,2030,2024-03-10,2,191.46,Online
279,101,2030,2023-11-29,2,29.17,Online
280,105,2030,2024-02-02,3,109.75,Online
281,113,2030,2023-07-28,1,11.51,Online
282,113,2030,2023-08-22,1,9.84,In-Store
283,110,2030,2023-09-23,3,113.42,Online
284,118,2030,2024-02-22,3,138.68,Online
285,107,2030,2023-12-25,3,59.82,In-Store
286,110,2030,2024-02-14,1,116.81,In-Store
287,115,2030,2023-11-21,3,138.01,In-Store
288,114,2030,2024-02-05,3,54.88,Online
289,111,2030,2023-11-19,1,50.59,In-Store
290,113,2030,2024-01-16,1,9.7,Online
291,110,2030,2024-01-28,3,107.79,Online
292,114,2030,2024-04-28,1,57.59,In-Store
293,102,2030,2023-09-25,2,28.42,Online
294,111,2030,2024-02-24,3,42.99,Online
295,116,2031,2024-02-19,2,239.53,In-Store
296,116,2031,2024-01-10,2,226.56,In-Store
297,107,2031,2024-01-20,2,68.64,Online
298,107,2031,2023-11-18,3,70.47,Online
299,117,2031,2023-10-27,1,123.83,Online
300,109,2031,2023-07-26,2,149.76,In-Store
301,113,2031,2023-11-12,3,10.58,Online
302,118,2031,2023-10-20,2,117.31,Online
303,105,2031,2024-03-01,2,117.49,In-Store
304,110,2031,2023-08-15,3,127.69,Online
305,111,2031,2023-12-28,1,46.44,In-Store
306,104,2031,2024-05-05,2,58.02,In-Store
307,118,2031,2024-02-24,2,125.42,Online
308,101,2031,2023-10-04,3,27.23,Online
309,114,2032,2023-09-28,1,55.48,In-Store
310,108,2032,2023-04-28,1,211.76,In-Store
311,109,2033,2023-09-27,1,145.74,In-Store
312,113,2033,2024-03-02,1,9.9,In-Store
313,101,2033,2024-05-17,3,27.66,In-Store
314,101,2033,2024-04-28,1,26.53,In-Store
315,102,2033,2024-05-19,2,24.49,In-Store
316,107,2033,2024-03-01,3,71.26,In-Store
317,117,2033,2024-04-02,2,127.0,Online
318,116,2033,2024-03-08,3,262.48,Online
319,116,2033,2024-01-30,3,244.63,In-Store
320,110,2033,2024-03-01,1,124.58,In-Store
321,117,2033,2023-11-27,3,119.61,In-Store
322,110,2033,2024-04-16,1,115.4,In-Store
323,114,2033,2023-11-18,1,53.52,Online
324,113,2033,2024-04-30,1,11.23,In-Store
325,103,2033,2024-02-12,1,87.88,In-Store
326,104,2033,2024-04-03,1,61.82,In-Store
327,105,2033,2023-11-14,3,111.85,Online
328,112,2033,2024-03-29,2,30.0,In-Store
329,106,2034,2023-10-08,3,34.95,In-Store
330,108,2034,2023-10-06,2,204.47,In-Store
331,117,2034,2024-03-29,2,125.85,In-Store
332,114,2034,2023-11-22,2,56.21,In-Store
333,113,2034,2024-01-05,3,10.0,In-Store
334,118,2034,2023-08-09,1,130.87,In-Store
335,101,2034,2023-12-20,1,26.15,In-Store
336,118,2034,2023-07-20,1,127.35,In-Store
337,102,2034,2023-11-17,1,29.24,Online
338,101,2034,2024-03-10,3,25.77,Online
339,108,2034,2024-03-01,2,190.28,In-Store
340,103,2034,2023-10-05,3,82.98,Online
341,104,2034,2023-11-18,1,57.56,In-Store
342,108,2034,2023-07-31,1,185.08,Online
343,110,2035,2023-10-23,3,117.94,Online
344,107,2035,2023-11-04,1,71.78,Online
345,107,2035,2023-10-08,3,69.69,In-Store
346,115,2035,2023-11-21,3,133.43,Online
347,103,2035,2023-08-22,2,95.12,Online
348,106,2035,2024-03-01,1,37.99,Online
349,101,2035,2024-01-05,2,28.57,Online
350,108,2035,2024-04-19,1,178.9,In-Store
351,117,2035,2024-04-08,1,144.79,In-Store
352,106,2035,2024-01-31,2,37.45,In-Store
353,116,2035,2024-04-15,3,252.17,Online
354,107,2035,2023-11-14,3,60.28,In-Store
355,113,2035,2024-02-18,3,9.83,Online
356,117,2036,2023-12-18,2,125.88,Online
357,117,2036,2024-04-07,2,134.55,In-Store
358,103,2036,2024-01-25,2,91.61,In-Store
359,111,2036,2024-02-27,2,47.19,Online
360,101,2036,2023-12-17,2,28.48,Online
361,113,2036,2023-11-26,2,11.28,In-Store
362,111,2036,2024-04-25,2,47.11,Online
363,106,2036,2024-01-12,3,38.85,Online
364,102,2036,2024-04-20,1,26.93,In-Store
365,103,2036,2024-01-10,1,86.37,In-Store
366,113,2036,2023-08-07,2,11.2,Online
367,101,2036,2024-04-27,1,28.39,In-Store
368,115,2036,2024-01-24,3,130.87,Online
369,104,2036,2023-11-14,2,68.14,In-Store
370,116,2037,2023-04-09,3,257.78,Online
371,117,2038,2024-02-28,2,119.16,Online
372,117,2038,2024-05-12,3,135.79,In-Store
373,117,2038,2023-09-14,1,141.34,Online
374,103,2038,2024-03-04,2,80.04,Online
375,104,2038,2024-05-28,2,62.53,In-Store
376,112,2038,2023-08-31,3,30.64,In-Store
377,106,2038,2024-03-09,2,34.88,In-Store
378,112,2038,2023-09-02,2,32.51,Online
379,109,2038,2023-10-08,2,132.21,Online
380,115,2038,2023-08-24,3,130.25,Online
381,106,2038,2024-05-17,2,36.36,In-Store
382,113,2038,2023-11-20,2,10.62,Online
383,109,2038,2023-08-11,3,144.76,Online
384,109,2038,2024-01-07,3,143.08,In-Store
385,107,2038,2024-01-18,3,67.3,In-Store
386,104,2038,2023-09-01,3,60.15,In-Store
387,103,2038,2023-10-25,3,90.09,In-Store
388,111,2038,2023-11-24,2,51.49,Online
389,106,2038,2023-10-05,1,37.71,In-Store
390,114,2038,2023-08-25,2,56.18,Online
391,104,2038,2024-02-17,3,65.59,In-Store
392,114,2038,2024-02-11,3,54.72,Online
393,111,2038,2024-03-09,3,49.96,Online
394,107,2038,2023-12-23,1,64.51,In-Store
395,105,2038,2024-05-22,2,123.3,In-Store
396,114,2039,2023-09-24,1,55.49,Online
397,106,2039,2023-07-29,2,34.02,Online
398,104,2039,2024-02-21,1,66.31,In-Store
399,113,2039,2024-03-25,3,10.66,In-Store
400,118,2039,2023-12-02,2,142.38,Online
401,112,2039,2024-01-21,2,32.3,In-Store
402,101,2039,2024-02-14,1,24.84,In-Store
403,116,2039,2024-04-12,2,262.53,In-Store
404,103,2039,2024-04-01,2,90.82,In-Store
405,116,2039,2023-08-15,3,218.06,Online
406,114,2040,2023-11-22,1,52.97,Online
407,110,2040,2023-11-03,2,116.03,Online
408,115,2040,2023-02-10,1,125.75,In-Store
409,118,2041,2024-05-17,1,139.6,Online
410,111,2041,2024-03-02,2,49.0,In-Store
411,118,2041,2024-01-28,1,137.25,In-Store
412,102,2041,2023-12-27,1,26.86,In-Store
413,115,2041,2023-10-24,3,130.04,Online
414,105,2041,2023-10-24,3,121.45,In-Store
415,101,2041,2023-11-25,3,29.36,In-Store
416,113,2041,2024-03-17,1,11.26,Online
417,117,2041,2023-12-31,2,132.74,In-Store
418,114,2041,2024-03-13,2,53.54,In-Store
419,103,2041,2024-05-01,1,82.08,In-Store
420,118,2041,2023-12-11,1,139.8,In-Store
421,111,2041,2023-12-14,2,50.71,In-Store
422,108,2041,2023-11-15,1,207.04,In-Store
423,113,2041,2024-04-16,2,11.47,In-Store
424,111,2041,2023-12-15,2,42.86,In-Store
425,111,2041,2023-09-13,2,45.2,Online
426,104,2042,2024-01-10,1,57.19,Online
427,108,2042,2024-04-08,2,216.59,In-Store
428,111,2042,2023-08-30,2,48.17,Online
429,101,2042,2023-07-04,3,29.44,Online
430,116,2042,2023-11-01,3,251.28,Online
431,118,2042,2023-10-17,1,122.08,Online
432,104,2042,2023-12-18,3,65.35,Online
433,116,2042,2024-03-28,3,234.99,In-Store
434,102,2042,2023-11-15,3,24.51,Online
435,117,2042,2024-04-24,2,138.8,Online
436,106,2042,2024-03-01,3,37.4,Online
437,116,2043,2024-05-17,1,233.85,In-Store
438,113,2043,2024-03-27,1,10.06,In-Store
439,117,2043,2023-09-05,1,127.95,Online
440,111,2043,2024-03-17,1,47.53,Online
441,115,2043,2023-11-23,1,128.59,In-Store
442,114,2043,2023-11-24,1,51.88,Online
443,118,2043,2024-02-17,3,132.33,Online
444,114,2043,2024-03-21,3,57.5,Online
445,118,2043,2024-02-19,3,125.99,Online
446,111,2043,2023-10-16,1,46.26,In-Store
447,106,2043,2024-04-25,3,35.47,In-Store
448,105,2043,2023-12-23,1,128.93,Online
449,113,2043,2023-09-06,3,10.14,In-Store
450,110,2043,2023-11-22,3,124.43,Online
451,104,2043,2023-11-30,2,58.57,In-Store
452,117,2043,2023-09-02,3,121.79,In-Store
453,118,2043,2023-12-02,2,140.48,Online
454,113,2043,2023-08-20,1,11.07,In-Store
455,105,2043,2024-04-15,3,106.88,Online
456,116,2043,2023-11-27,2,224.97,In-Store
457,110,2044,2024-03-12,2,118.09,In-Store
458,108,2044,2023-07-20,3,211.0,Online
459,104,2044,2024-03-20,3,62.01,Online
460,107,2044,2024-05-05,1,71.59,Online
461,112,2044,2023-12-20,3,31.47,Online
462,110,2044,2023-11-03,2,124.02,Online
463,108,2044,2024-04-20,1,208.45,In-Store
464,115,2044,2024-02-16,3,134.53,In-Store
465,112,2044,2024-02-25,1,30.38,In-Store
466,115,2044,2023-09-08,1,134.96,Online
467,118,2044,2024-03-14,1,138.14,Online
468,107,2044,2024-03-16,3,60.25,Online
469,114,2044,2024-02-23,1,60.57,In-Store
470,111,2044,2023-09-09,2,48.03,Online
471,102,2044,2024-04-08,2,28.82,Online
472,111,2044,2023-11-28,3,47.02,In-Store
473,111,2044,2023-09-25,1,50.35,In-Store
474,110,2044,2024-01-03,2,120.86,In-Store
475,105,2044,2023-08-05,2,118.97,In-Store
476,106,2045,2023-07-22,2,37.91,Online
477,107,2046,2024-02-12,3,65.48,In-Store
478,110,2046,2024-04-28,3,124.3,In-Store
479,110,2046,2023-08-08,2,131.27,Online
480,104,2046,2023-12-25,1,58.18,Online
481,102,2046,2023-12-01,1,27.98,In-Store
482,109,2046,2023-10-12,3,129.26,Online
483,103,2046,2023-08-11,3,79.12,Online
484,103,2046,2023-12-25,2,82.65,In-Store
485,106,2046,2023-10-09,1,32.89,Online
486,109,2046,2024-03-03,3,153.79,Online
487,117,2046,2023-12-18,3,119.63,Online
488,118,2046,2024-03-16,1,118.16,In-Store
489,109,2046,2024-04-20,3,128.6,In-Store
490,115,2047,2024-01-08,2,134.22,Online
491,114,2047,2023-11-21,1,54.75,In-Store
492,104,2048,2023-08-02,2,56.34,Online
493,117,2048,2023-11-07,1,118.83,In-Store
494,112,2048,2023-08-17,3,27.63,Online
495,110,2048,2023-09-23,3,111.85,In-Store
496,108,2048,2023-12-28,2,187.69,Online
497,105,2048,2023-11-16,3,117.45,In-Store
498,112,2048,2023-09-06,2,32.92,Online
499,110,2048,2023-12-14,1,108.52,In-Store
500,110,2048,2024-04-01,1,119.17,In-Store
501,105,2049,2023-12-03,3,115.96,Online
502,102,2049,2024-05-13,3,28.91,Online
503,109,2049,2023-09-12,3,142.16,Online
504,106,2049,2023-09-17,3,32.92,Online
505,117,2049,2023-09-02,1,136.98,Online
506,113,2049,2023-10-16,3,10.02,In-Store
507,117,2049,2023-08-19,3,142.79,In-Store
508,106,2049,2023-12-13,2,38.57,In-Store
509,118,2049,2023-09-16,2,127.39,In-Store
510,116,2049,2023-12-04,2,242.52,Online
511,113,2049,2023-12-21,3,11.25,Online
512,116,2050,2023-03-20,2,223.08,Online
513,112,2051,2024-01-18,2,27.82,In-Store
514,113,2051,2023-08-05,2,10.88,In-Store
515,113,2051,2024-04-06,1,10.99,Online
516,116,2051,2024-01-06,2,219.88,In-Store
517,107,2051,2023-08-11,3,62.24,Online
518,109,2051,2023-12-10,1,140.59,Online
519,118,2051,2024-01-30,1,135.69,Online
520,116,2051,2023-07-14,2,235.85,Online
521,109,2051,2023-09-23,2,141.01,Online
522,109,2051,2023-09-16,1,134.08,Online
523,118,2051,2024-03-16,2,128.23,Online
524,109,2051,2024-02-21,1,129.73,Online
525,113,2051,2023-10-23,3,9.58,Online
526,112,2051,2023-08-31,1,28.36,Online
527,117,2051,2023-11-28,1,140.89,In-Store
528,114,2051,2023-11-04,3,53.39,Online
529,113,2051,2023-11-26,1,9.82,In-Store
530,118,2051,2024-03-11,3,120.98,Online
531,111,2051,2023-09-14,2,45.62,Online
532,108,2052,2024-02-10,1,207.78,Online
533,106,2052,2023-09-01,2,39.56,In-Store
534,102,2052,2024-02-13,1,26.01,Online
535,111,2052,2024-03-16,3,49.61,Online
536,102,2052,2024-01-31,3,28.15,Online
537,115,2052,2024-04-22,2,142.61,In-Store
538,104,2052,2023-12-10,1,67.92,Online
539,110,2052,2024-03-21,3,124.28,In-Store
540,102,2052,2023-07-27,2,29.34,In-Store
541,109,2052,2024-02-29,3,137.41,In-Store
542,114,2052,2023-08-28,1,60.7,In-Store
543,109,2052,2024-04-15,1,146.72,Online
544,112,2052,2023-12-09,3,30.58,In-Store
545,110,2052,2024-03-23,3,114.33,Online
546,114,2052,2024-01-28,1,54.7,In-Store
547,113,2052,2023-08-19,1,9.77,Online
548,118,2052,2024-03-12,1,118.46,Online
549,104,2052,2024-02-25,3,67.28,Online
550,116,2053,2024-03-20,2,230.48,Online
551,104,2053,2023-08-14,1,62.75,Online
552,117,2053,2024-01-09,2,142.05,Online
553,105,2053,2023-07-16,3,109.8,Online
554,109,2053,2024-02-02,1,145.89,Online
555,117,2053,2023-06-21,1,140.68,In-Store
556,110,2053,2024-01-05,2,127.67,Online
557,110,2053,2024-03-14,2,114.23,Online
558,101,2053,2024-01-16,2,25.77,Online
559,110,2053,2023-12-23,2,115.27,Online
560,103,2053,2024-02-29,1,82.67,In-Store
561,117,2053,2023-09-07,3,131.58,In-Store
562,114,2053,2024-01-14,1,57.14,Online
563,117,2053,2023-11-13,1,132.91,In-Store
564,115,2053,2023-10-15,2,117.5,In-Store
565,111,2053,2024-04-11,2,48.2,Online
566,116,2053,2023-08-09,3,261.37,Online
567,116,2054,2024-04-13,2,262.22,Online
568,101,2054,2024-02-13,2,24.6,In-Store
569,110,2054,2024-01-25,2,111.37,Online
570,118,2054,2023-12-25,1,139.14,In-Store
571,114,2054,2024-03-20,2,59.89,In-Store
572,104,2054,2023-08-21,1,63.51,In-Store
573,118,2054,2024-04-09,3,141.19,In-Store
574,115,2054,2023-07-31,3,123.52,Online
575,117,2054,2023-12-30,1,125.5,Online
576,105,2054,2023-10-25,1,117.73,In-Store
577,118,2055,2023-08-31,2,127.04,In-Store
578,116,2055,2024-04-07,3,235.74,In-Store
579,114,2055,2023-10-22,1,52.65,Online
580,107,2055,2024-01-28,2,68.13,Online
581,113,2055,2024-01-08,1,11.07,Online
582,113,2055,2024-01-31,3,11.45,Online
583,109,2055,2023-11-19,1,151.31,Online
584,107,2055,2023-09-04,2,69.21,In-Store
585,103,2055,2023-09-10,2,94.0,In-Store
586,110,2056,2024-01-21,1,107.59,Online
587,113,2056,2024-02-24,1,11.33,Online
588,113,2056,2023-09-02,3,10.35,In-Store
589,118,2056,2024-04-27,1,124.3,In-Store
590,101,2056,2023-11-07,2,27.9,In-Store
591,110,2056,2023-12-04,3,114.71,Online
592,102,2056,2024-04-07,2,25.86,In-Store
593,103,2056,2024-02-25,2,79.37,In-Store
594,103,2056,2023-09-17,2,87.21,In-Store
595,111,2056,2024-04-01,1,46.98,Online
596,109,2056,2024-04-29,1,139.12,Online
597,116,2056,2024-01-11,1,235.91,Online
598,113,2056,2023-10-02,2,11.05,In-Store
599,101,2056,2023-08-29,3,29.27,In-Store
600,118,2056,2024-03-19,3,122.85,Online
601,115,2056,2023-09-02,2,119.26,In-Store
602,109,2056,2024-04-17,2,129.44,In-Store
603,108,2056,2024-03-09,2,193.61,Online
604,116,2056,2023-08-02,2,235.14,Online
605,111,2057,2024-04-17,3,45.32,Online
606,106,2057,2023-10-28,3,33.1,In-Store
607,114,2057,2023-11-06,1,51.43,In-Store
608,109,2057,2023-09-26,3,152.07,Online
609,103,2057,2024-02-29,1,94.27,Online
610,115,2057,2024-03-26,3,127.24,Online
611,106,2057,2024-02-27,1,38.19,In-Store
612,114,2057,2024-03-05,2,52.67,In-Store
613,108,2057,2023-08-25,3,194.43,In-Store
614,115,2057,2024-04-13,3,137.49,In-Store
615,108,2057,2023-08-07,3,217.26,Online
616,104,2057,2024-03-22,3,66.44,In-Store
617,117,2057,2024-03-18,3,128.75,Online
618,112,2057,2024-04-18,3,31.91,Online
619,113,2057,2024-03-11,3,10.37,In-Store
620,106,2057,2024-05-02,2,35.85,In-Store
621,106,2057,2023-11-30,3,38.15,Online
622,103,2057,2024-01-28,2,81.57,In-Store
623,107,2057,2023-08-16,3,65.08,In-Store
624,110,2057,2023-10-07,2,123.46,Online
625,115,2057,2023-10-31,1,122.13,Online
626,110,2057,2023-11-04,1,111.87,In-Store
627,117,2057,2023-12-28,2,139.1,In-Store
628,112,2057,2024-04-26,1,31.72,In-Store
629,101,2058,2023-10-27,1,27.0,In-Store
630,114,2059,2023-08-21,2,51.69,In-Store
631,116,2059,2024-03-29,2,242.24,In-Store
632,112,2059,2024-03-09,3,27.04,In-Store
633,105,2059,2024-04-12,1,115.63,Online
634,110,2059,2023-08-04,2,124.87,In-Store
635,114,2059,2024-03-03,2,50.7,In-Store
636,107,2059,2023-08-14,1,66.97,In-Store
637,106,2059,2023-10-05,3,38.46,In-Store
638,101,2059,2023-08-05,2,25.4,In-Store
639,114,2059,2024-03-05,3,52.35,In-Store
640,112,2059,2024-01-26,3,27.75,In-Store
641,108,2059,2023-11-19,1,186.92,Online
642,117,2059,2024-04-13,1,143.31,Online
643,117,2059,2023-08-26,3,134.11,Online
644,118,2059,2023-09-21,2,131.22,In-Store
645,101,2059,2024-04-06,1,25.52,In-Store
646,110,2059,2023-12-25,2,114.7,In-Store
647,105,2059,2023-09-19,1,121.08,Online
648,107,2059,2023-08-05,1,64.28,In-Store
649,112,2060,2023-11-08,3,30.87,Online
650,110,2061,2024-01-11,1,122.37,In-Store
651,113,2061,2023-08-14,1,10.86,In-Store
652,112,2062,2024-01-21,2,30.85,In-Store
653,101,2063,2024-03-07,3,26.25,Online
654,116,2063,2023-09-10,2,241.02,In-Store
655,104,2063,2023-12-02,1,59.21,In-Store
656,118,2063,2023-10-11,3,124.99,In-Store
657,103,2063,2023-12-04,3,88.02,In-Store
658,110,2063,2023-09-16,2,126.87,Online
659,107,2063,2023-07-18,1,68.74,Online
660,111,2063,2024-02-24,3,49.29,Online
661,104,2063,2023-08-05,2,62.85,Online
662,111,2063,2023-08-30,2,45.67,In-Store
663,103,2063,2024-01-21,2,93.89,In-Store
664,115,2063,2023-07-29,3,139.88,In-Store
665,111,2063,2023-09-23,1,44.07,In-Store
666,107,2063,2023-07-17,3,69.74,Online
667,116,2063,2023-10-11,1,224.47,Online
668,103,2063,2023-09-13,1,89.92,In-Store
669,102,2063,2024-04-18,3,24.86,Online
670,117,2063,2024-03-04,2,138.86,In-Store
671,104,2064,2023-11-11,1,61.23,Online
672,117,2064,2023-07-17,3,141.0,Online
673,106,2064,2023-09-16,2,32.69,Online
674,118,2065,2023-05-05,2,130.04,In-Store
675,112,2065,2023-11-14,3,32.25,Online
676,112,2066,2024-04-17,3,27.41,Online
677,108,2066,2023-10-29,3,208.04,In-Store
678,118,2066,2024-04-20,3,126.9,In-Store
679,116,2066,2023-08-19,3,259.91,In-Store
680,108,2066,2024-03-26,2,179.03,In-Store
681,115,2066,2023-10-10,2,136.46,In-Store
682,116,2066,2024-03-15,2,246.44,In-Store
683,112,2066,2023-10-18,2,31.54,Online
684,105,2066,2024-03-31,1,115.02,Online
685,103,2066,2024-01-15,1,86.72,In-Store
686,112,2067,2024-05-16,3,30.6,Online
687,109,2067,2024-03-27,3,134.09,Online
688,116,2067,2023-09-23,2,251.89,In-Store
689,115,2067,2023-10-08,2,121.3,Online
690,110,2067,2024-04-15,1,116.86,Online
691,103,2067,2023-09-04,3,83.72,Online
692,111,2067,2023-10-25,1,47.01,Online
693,105,2067,2023-08-06,2,111.26,Online
694,116,2067,2024-05-04,2,233.74,In-Store
695,113,2067,2023-12-17,3,11.32,In-Store
696,116,2067,2023-11-04,1,218.05,Online
697,101,2067,2024-04-14,1,28.85,Online
698,106,2067,2024-01-31,3,36.53,In-Store
699,114,2067,2023-12-15,3,56.91,In-Store
700,101,2067,2024-05-15,3,24.8,In-Store
701,107,2067,2023-10-13,2,60.61,Online
702,102,2067,2023-10-22,3,26.64,In-Store
703,103,2067,2023-08-18,3,85.12,In-Store
704,117,2067,2023-10-11,1,127.02,In-Store
705,115,2067,2023-11-30,1,135.26,In-Store
706,108,2067,2023-10-10,1,204.8,In-Store
707,115,2067,2024-01-24,2,134.17,Online
708,110,2067,2024-05-17,3,114.97,Online
709,107,2067,2024-05-15,1,71.13,In-Store
710,108,2068,2024-03-29,2,202.43,In-Store
711,103,2068,2023-12-01,1,78.25,Online
712,103,2068,2024-04-18,3,78.43,In-Store
713,114,2068,2023-12-20,3,51.83,Online
714,115,2068,2023-10-27,1,129.24,Online
715,102,2068,2023-08-24,3,27.17,In-Store
716,102,2068,2023-08-06,3,28.2,In-Store
717,105,2068,2024-03-09,3,121.33,In-Store
718,108,2068,2024-05-11,3,194.79,In-Store
719,117,2068,2023-10-27,2,132.91,Online
720,109,2068,2023-10-21,3,134.27,In-Store
721,102,2068,2023-09-18,2,25.93,In-Store
722,107,2068,2023-09-03,3,62.78,Online
723,112,2069,2024-03-01,3,30.36,Online
724,108,2069,2023-10-04,1,192.11,In-Store
725,106,2069,2023-12-16,3,38.44,Online
726,102,2069,2024-04-24,2,24.67,In-Store
727,109,2069,2023-08-28,1,149.45,Online
728,113,2069,2023-11-07,3,10.55,Online
729,106,2069,2024-05-22,2,32.6,In-Store
730,110,2069,2023-10-10,2,118.51,In-Store
731,107,2069,2024-05-12,1,64.08,Online
732,106,2069,2023-09-13,3,37.77,Online
733,109,2069,2024-02-03,2,140.73,Online
734,116,2069,2023-08-30,1,263.58,In-Store
735,108,2069,2024-05-12,2,182.23,Online
736,108,2069,2024-02-11,1,201.67,Online
737,108,2069,2023-10-14,3,203.4,In-Store
738,114,2069,2023-12-30,2,56.64,Online
739,114,2069,2023-12-15,1,61.42,In-Store
740,106,2069,2024-02-18,1,37.73,Online
741,107,2069,2023-12-31,3,66.05,In-Store
742,117,2069,2023-11-26,3,128.73,In-Store
743,115,2069,2023-08-19,2,140.43,In-Store
744,111,2069,2023-10-19,2,48.11,Online
745,118,2069,2023-11-16,1,125.49,Online
746,108,2069,2024-05-24,1,215.88,In-Store
747,101,2069,2024-04-08,1,29.73,In-Store
748,115,2069,2023-09-02,1,140.17,Online
749,113,2069,2023-11-15,1,10.13,In-Store
750,111,2069,2023-12-30,1,48.21,Online
751,118,2070,2023-10-06,2,136.51,Online
752,101,2070,2024-02-24,1,28.24,Online
753,104,2070,2023-07-19,2,66.98,Online
754,114,2070,2024-04-05,3,51.68,Online
755,113,2070,2023-07-06,2,10.74,Online
756,111,2070,2023-10-12,1,50.08,Online
757,117,2070,2023-12-30,1,126.53,Online
758,115,2070,2023-09-16,1,122.61,Online
759,113,2070,2023-09-26,3,10.09,In-Store
760,107,2070,2023-11-11,1,71.7,In-Store
761,116,2070,2024-01-13,3,220.09,In-Store
762,113,2070,2023-10-01,3,11.55,Online
763,115,2070,2023-10-25,1,137.95,Online
764,105,2070,2024-01-15,1,125.63,Online
765,107,2070,2023-11-13,1,64.27,In-Store
766,116,2070,2024-02-04,3,239.66,In-Store
767,106,2070,2023-07-08,1,33.31,Online
768,118,2071,2023-10-21,3,136.36,In-Store
769,101,2071,2023-09-29,3,29.08,Online
770,106,2071,2024-02-03,1,38.23,In-Store
771,115,2071,2023-11-23,2,134.78,Online
772,112,2071,2023-12-08,3,28.87,In-Store
773,115,2071,2023-10-26,2,128.64,Online
774,102,2071,2024-02-06,3,25.14,In-Store
775,114,2071,2024-04-17,3,51.56,Online
776,109,2071,2023-09-04,1,133.56,In-Store
777,104,2071,2023-07-11,2,56.33,In-Store
778,101,2071,2024-04-15,3,26.65,In-Store
779,112,2071,2023-08-15,2,30.46,In-Store
780,113,2071,2024-02-17,3,11.5,In-Store
781,104,2071,2024-02-02,3,56.82,Online
782,106,2072,2024-02-23,2,37.99,Online
783,115,2073,2024-02-17,3,125.52,Online
784,115,2073,2024-03-05,2,137.14,Online
785,110,2073,2024-01-17,3,119.85,Online
786,108,2073,2023-09-28,3,179.87,In-Store
787,115,2073,2024-02-12,3,135.57,Online
788,114,2073,2024-04-24,1,52.33,Online
789,105,2073,2023-12-23,1,117.36,In-Store
790,111,2073,2024-04-07,2,45.69,Online
791,110,2073,2024-02-02,2,109.42,Online
792,102,2073,2023-10-08,3,28.42,Online
793,107,2073,2024-02-24,2,64.05,Online
794,101,2073,2024-03-17,1,26.34,In-Store
795,104,2073,2024-02-18,1,67.69,In-Store
796,101,2073,2024-05-12,2,26.54,In-Store
797,117,2073,2024-03-09,3,142.89,Online
798,109,2073,2023-10-19,3,155.59,Online
799,106,2073,2024-03-29,3,34.04,Online
800,106,2073,2023-08-13,3,38.58,Online
801,118,2074,2023-10-31,3,141.14,Online
802,106,2074,2024-02-24,3,33.03,Online
803,116,2074,2024-03-27,1,263.94,Online
804,103,2074,2024-05-03,3,83.36,Online
805,116,2074,2023-09-19,2,239.03,In-Store
806,117,2074,2024-01-21,3,133.37,In-Store
807,113,2074,2024-02-11,3,10.0,Online
808,110,2074,2024-03-03,2,125.73,In-Store
809,118,2074,2023-10-17,3,142.39,Online
810,108,2074,2024-03-19,1,185.92,Online
811,101,2074,2023-11-17,2,25.9,Online
812,111,2074,2023-08-13,1,48.34,Online
813,110,2074,2024-04-11,3,119.48,Online
814,113,2075,2023-11-06,3,10.9,Online
815,114,2075,2023-12-01,3,57.12,Online
816,113,2075,2023-08-01,1,11.08,In-Store
817,115,2075,2023-08-12,3,135.69,In-Store
818,114,2075,2023-09-23,1,50.9,Online
819,111,2075,2023-11-24,2,50.21,Online
820,108,2075,2024-04-04,1,183.39,Online
821,109,2075,2024-02-22,1,135.74,Online
822,106,2075,2023-10-04,2,37.13,Online
823,102,2075,2023-09-25,1,28.68,In-Store
824,104,2076,2024-01-21,2,59.04,In-Store
825,117,2076,2023-11-13,1,124.44,In-Store
826,114,2076,2023-08-22,3,57.23,In-Store
827,102,2076,2023-11-21,3,28.03,Online
828,117,2076,2023-08-09,3,128.71,In-Store
829,109,2076,2024-01-29,1,145.5,Online
830,102,2076,2023-11-23,2,28.43,In-Store
831,105,2076,2024-03-14,2,125.87,Online
832,111,2076,2024-02-22,1,47.31,Online
833,110,2076,2023-08-08,3,120.14,Online
834,103,2077,2023-06-26,3,83.72,Online
835,118,2077,2024-01-24,1,121.84,In-Store
836,115,2077,2023-10-02,2,136.88,In-Store
837,101,2077,2023-09-15,3,27.94,In-Store
838,113,2077,2023-11-28,1,11.43,Online
839,116,2077,2023-09-29,1,226.43,In-Store
840,102,2077,2024-04-19,2,29.27,Online
841,105,2077,2024-04-01,3,122.09,In-Store
842,112,2077,2023-11-09,1,32.09,In-Store
843,101,2077,2023-07-27,3,24.72,In-Store
844,111,2077,2024-02-26,3,47.46,Online
845,114,2077,2024-03-22,3,56.93,Online
846,111,2077,2024-02-21,1,47.33,Online
847,111,2077,2023-09-06,2,51.46,In-Store
848,101,2077,2023-09-14,2,28.67,Online
849,109,2077,2024-03-20,2,155.97,Online
850,116,2077,2024-02-15,2,229.5,Online
851,110,2077,2023-08-19,2,122.03,Online
852,114,2078,2023-10-11,1,56.37,In-Store
853,115,2078,2023-08-08,1,141.99,In-Store
854,107,2078,2024-04-13,3,66.38,In-Store
855,112,2078,2024-03-17,2,32.05,Online
856,108,2078,2024-05-07,2,209.38,In-Store
857,114,2078,2023-11-02,2,55.21,In-Store
858,107,2078,2023-12-28,3,65.58,In-Store
859,103,2078,2023-10-19,3,89.41,Online
860,101,2078,2024-04-20,2,28.26,Online
861,115,2078,2023-08-10,3,117.03,In-Store
862,113,2078,2024-01-22,1,11.53,In-Store
863,117,2078,2023-10-21,1,143.3,In-Store
864,113,2078,2023-10-06,1,10.43,In-Store
865,114,2078,2024-03-05,3,53.67,Online
866,110,2078,2023-12-15,1,115.96,In-Store
867,103,2078,2023-10-22,1,93.41,In-Store
868,111,2078,2023-11-05,3,46.15,In-Store
869,114,2078,2023-12-12,2,56.69,In-Store
870,117,2079,2023-03-22,1,143.45,In-Store
871,118,2079,2023-10-24,1,126.81,In-Store
872,101,2079,2023-06-22,2,25.52,In-Store
873,113,2080,2024-03-22,1,10.19,In-Store
874,103,2080,2023-12-09,2,89.87,In-Store
875,108,2080,2024-03-14,1,194.34,In-Store
876,101,2080,2024-03-10,3,28.24,Online
877,118,2080,2024-04-17,3,142.61,In-Store
878,106,2080,2024-05-21,1,38.76,Online
879,117,2080,2024-02-10,1,133.02,In-Store
880,117,2080,2023-10-19,3,143.99,Online
881,115,2080,2023-11-29,2,122.31,In-Store
882,105,2080,2024-03-14,1,116.54,In-Store
883,102,2080,2024-05-25,3,29.08,Online
884,114,2080,2023-08-14,1,51.94,In-Store
885,115,2080,2024-02-21,1,136.55,In-Store
886,109,2080,2023-10-26,1,144.57,Online
887,103,2080,2024-05-02,3,78.3,Online
888,108,2080,2023-12-11,2,201.03,Online
889,114,2080,2024-02-09,3,58.82,Online
890,105,2080,2023-11-16,1,111.16,In-Store
891,102,2080,2024-01-16,2,29.47,Online
892,118,2080,2024-03-11,3,125.01,In-Store
893,105,2080,2023-11-21,3,106.12,Online
894,116,2080,2023-10-18,3,262.0,Online
895,109,2080,2023-11-13,3,149.76,Online
896,105,2080,2023-10-03,2,106.66,In-Store
897,115,2080,2024-01-26,2,123.73,In-Store
898,101,2080,2023-12-04,2,28.94,Online
899,102,2080,2023-12-14,2,25.17,Online
900,106,2081,2023-10-15,1,34.65,In-Store
901,109,2081,2024-05-07,1,154.5,Online
902,115,2081,2024-01-10,2,128.44,Online
903,113,2081,2024-04-22,2,10.35,In-Store
904,118,2081,2023-12-16,1,140.97,Online
905,109,2081,2023-09-20,2,156.58,Online
906,103,2081,2024-04-07,3,85.24,Online
907,107,2081,2024-02-27,1,69.19,In-Store
908,108,2081,2024-02-03,3,186.05,In-Store
909,109,2081,2024-03-17,1,145.52,Online
910,116,2081,2024-02-07,3,245.56,Online
911,114,2081,2023-10-26,2,53.45,Online
912,102,2082,2024-01-14,2,27.13,Online
913,102,2082,2024-01-30,1,25.38,In-Store
914,113,2082,2023-12-25,1,11.42,In-Store
915,111,2082,2023-10-16,3,48.28,In-Store
916,109,2082,2024-03-02,1,156.42,Online
917,116,2082,2023-08-15,2,231.4,Online
918,108,2082,2024-04-08,3,217.13,Online
919,109,2082,2023-10-01,2,130.3,In-Store
920,101,2082,2023-09-21,1,29.54,Online
921,111,2083,2023-04-26,1,50.54,In-Store
922,114,2083,2023-11-14,2,54.45,In-Store
923,102,2084,2023-08-23,1,27.39,In-Store
924,105,2084,2023-12-26,3,120.57,Online
925,105,2084,2023-11-23,3,119.33,Online
926,101,2084,2023-12-22,1,28.63,Online
927,101,2084,2023-11-11,1,25.02,In-Store
928,105,2084,2023-09-28,3,122.22,In-Store
929,114,2084,2023-09-17,3,59.99,Online
930,104,2084,2024-01-09,3,64.03,In-Store
931,103,2084,2024-05-07,2,85.43,In-Store
932,116,2084,2023-09-01,2,245.4,In-Store
933,113,2084,2024-03-01,1,10.99,In-Store
934,117,2084,2023-08-09,2,119.87,Online
935,117,2084,2024-02-03,3,136.58,In-Store
936,117,2084,2024-04-18,3,126.84,Online
937,102,2084,2024-04-23,2,24.64,In-Store
938,106,2084,2024-01-24,2,37.07,Online
939,101,2084,2024-02-26,2,24.73,Online
940,112,2085,2023-10-04,1,30.82,In-Store
941,114,2086,2023-09-21,2,51.23,In-Store
942,116,2087,2024-04-19,1,235.64,In-Store
943,114,2087,2023-12-06,1,59.8,In-Store
944,113,2087,2024-04-01,2,10.54,Online
945,110,2087,2024-01-17,1,113.17,Online
946,118,2087,2023-07-31,1,133.76,In-Store
947,111,2087,2023-08-20,2,45.62,Online
948,110,2087,2024-03-02,2,108.47,Online
949,111,2087,2024-01-30,3,50.2,In-Store
950,115,2087,2024-02-09,3,142.4,Online
951,107,2087,2023-11-04,3,61.43,Online
952,117,2087,2024-02-17,2,127.63,Online
953,118,2087,2024-05-05,1,142.33,In-Store
954,106,2088,2024-03-26,1,34.73,In-Store
955,101,2088,2023-12-06,3,28.89,Online
956,117,2088,2024-02-14,1,129.35,In-Store
957,104,2088,2023-10-14,2,60.58,Online
958,116,2088,2023-07-16,2,221.77,In-Store
959,112,2088,2023-11-01,1,32.25,Online
960,110,2088,2023-12-20,2,109.01,Online
961,106,2088,2024-01-16,1,38.86,In-Store
962,107,2088,2023-10-09,3,66.02,Online
963,116,2089,2024-01-01,3,219.79,In-Store
964,117,2089,2024-01-18,1,140.03,Online
965,105,2089,2024-04-29,1,124.29,Online
966,107,2089,2024-04-15,3,66.63,Online
967,117,2089,2023-10-05,1,129.78,Online
968,102,2089,2024-04-03,2,29.1,In-Store
969,110,2089,2023-11-23,1,112.35,In-Store
970,113,2089,2023-10-22,1,10.97,In-Store
971,101,2089,2023-10-29,3,25.19,Online
972,101,2089,2023-12-11,1,29.72,In-Store
973,118,2089,2024-04-11,2,134.22,In-Store
974,112,2089,2023-12-13,1,28.26,In-Store
975,118,2089,2023-12-27,1,137.32,Online
976,115,2089,2023-12-01,2,123.53,In-Store
977,102,2089,2023-07-28,3,25.73,Online
978,114,2089,2023-09-16,2,57.69,In-Store
979,104,2090,2024-03-05,1,58.3,Online
980,116,2090,2023-10-14,2,218.35,In-Store
981,115,2090,2024-03-12,2,129.67,Online
982,118,2090,2023-11-04,2,123.09,In-Store
983,111,2090,2023-11-24,1,48.64,In-Store
984,105,2090,2023-12-15,2,123.29,Online
985,111,2090,2024-02-22,3,47.03,In-Store
986,118,2090,2023-10-05,1,135.16,In-Store
987,104,2090,2023-12-24,2,62.53,Online
988,110,2090,2024-04-03,3,129.57,In-Store
989,106,2090,2023-10-23,3,39.58,In-Store
990,105,2090,2024-01-15,1,117.27,Online
991,102,2091,2023-10-16,2,24.33,In-Store
992,115,2091,2024-03-07,1,140.2,Online
993,106,2091,2023-09-05,1,37.98,Online
994,114,2091,2023-12-02,3,53.92,Online
995,107,2091,2023-08-28,3,61.26,Online
996,106,2091,2024-03-27,3,34.25,In-Store
997,103,2091,2023-08-13,2,85.36,In-Store
998,108,2091,2023-10-29,3,204.83,In-Store
999,118,2091,2024-02-01,2,125.19,Online
1000,114,2091,2023-10-21,1,51.25,In-Store
1001,105,2091,2024-01-04,1,125.62,In-Store
1002,111,2091,2024-04-20,1,51.06,In-Store
1003,102,2091,2024-03-10,2,27.29,In-Store
1004,108,2091,2023-08-29,3,189.6,In-Store
1005,114,2091,2023-12-10,2,59.22,Online
1006,109,2091,2024-04-24,1,149.28,Online
1007,114,2091,2024-03-13,3,55.27,In-Store
1008,103,2091,2023-12-21,3,93.58,Online
1009,112,2091,2024-05-11,2,30.29,Online
1010,103,2091,2024-05-11,3,87.2,Online
1011,107,2091,2024-04-02,2,61.96,Online
1012,112,2091,2024-03-23,3,27.05,In-Store
1013,109,2091,2024-02-04,2,132.91,Online
1014,116,2092,2023-12-03,1,221.73,Online
1015,116,2092,2023-10-30,3,232.33,Online
1016,107,2092,2024-03-19,1,64.15,Online
1017,118,2092,2023-09-28,1,132.7,Online
1018,106,2092,2023-09-27,1,37.69,Online
1019,118,2092,2024-02-07,1,138.58,In-Store
1020,117,2092,2023-12-23,2,123.18,Online
1021,108,2092,2024-04-26,1,187.71,In-Store
1022,118,2092,2023-07-29,3,130.86,In-Store
1023,115,2092,2023-10-23,2,139.48,In-Store
1024,104,2092,2024-02-26,2,59.57,In-Store
1025,104,2092,2023-08-10,3,67.62,In-Store
1026,111,2092,2024-03-07,3,49.57,Online
1027,101,2093,2023-09-11,1,26.4,In-Store
1028,107,2093,2023-09-28,3,71.54,Online
1029,105,2093,2023-11-01,1,116.47,In-Store
1030,105,2093,2024-02-18,2,111.82,Online
1031,107,2093,2023-08-17,3,60.78,Online
1032,116,2093,2024-04-12,2,248.14,In-Store
1033,109,2093,2024-03-14,3,151.5,Online
1034,118,2093,2023-10-01,2,131.17,Online
1035,118,2093,2023-10-26,2,128.13,In-Store
1036,101,2093,2024-01-15,2,25.41,In-Store
1037,116,2093,2023-12-23,3,241.48,Online
1038,112,2093,2024-03-31,2,28.6,In-Store
1039,109,2093,2023-08-28,3,129.34,Online
1040,108,2094,2024-03-21,3,183.66,Online
1041,101,2094,2024-03-01,2,28.2,In-Store
1042,118,2094,2023-10-13,1,131.15,Online
1043,113,2094,2023-07-12,1,10.17,Online
1044,104,2094,2024-01-10,3,62.32,In-Store
1045,106,2094,2023-09-24,3,35.92,Online
1046,104,2094,2023-09-13,3,57.27,In-Store
1047,101,2094,2024-03-08,1,28.98,In-Store
1048,101,2094,2023-08-05,3,28.66,In-Store
1049,112,2094,2024-03-28,2,29.62,Online
1050,105,2094,2023-12-27,3,120.89,Online
1051,103,2094,2024-04-14,2,92.0,In-Store
1052,109,2094,2023-11-03,2,151.39,Online
1053,110,2095,2023-09-19,1,112.4,Online
1054,104,2095,2023-11-19,3,67.95,In-Store
1055,108,2095,2023-06-29,2,195.46,In-Store
1056,116,2095,2024-02-22,1,229.69,In-Store
1057,111,2095,2023-10-15,1,48.8,Online
1058,106,2095,2023-08-03,3,37.07,Online
1059,111,2095,2023-12-15,1,44.65,Online
1060,103,2095,2024-01-13,2,83.78,In-Store
1061,109,2095,2023-09-05,2,146.83,In-Store
1062,102,2095,2023-12-07,2,26.13,In-Store
1063,115,2095,2023-11-21,3,134.9,Online
1064,117,2095,2024-04-01,2,120.99,Online
1065,116,2095,2023-09-28,3,217.65,In-Store
1066,113,2096,2023-10-21,2,9.79,Online
1067,106,2096,2023-10-15,3,39.43,Online
1068,108,2096,2024-01-02,2,190.29,In-Store
1069,106,2096,2023-12-25,2,37.32,In-Store
1070,105,2096,2023-12-06,1,114.6,In-Store
1071,107,2096,2023-11-28,1,61.58,Online
1072,115,2096,2023-08-24,2,117.46,Online
1073,103,2096,2024-04-05,3,92.87,Online
1074,115,2096,2023-09-28,3,141.69,Online
1075,115,2096,2023-10-20,1,134.19,In-Store
1076,111,2096,2024-02-04,3,42.55,In-Store
1077,101,2097,2023-11-25,2,26.56,In-Store
1078,116,2097,2023-08-26,3,263.38,In-Store
1079,104,2097,2023-10-21,3,65.91,Online
1080,105,2097,2023-11-03,3,120.44,Online
1081,116,2097,2023-10-10,2,262.19,In-Store
1082,118,2097,2023-09-10,2,136.42,In-Store
1083,108,2097,2023-07-14,2,198.57,In-Store
1084,118,2097,2024-01-20,2,121.0,Online
1085,108,2098,2023-12-28,2,203.1,Online
1086,114,2098,2023-11-08,1,57.1,Online
1087,102,2099,2023-08-01,3,26.91,In-Store
1088,108,2099,2023-08-04,2,210.51,In-Store
1089,113,2099,2024-02-26,2,9.91,Online
1090,101,2099,2024-04-14,3,27.05,In-Store
1091,105,2099,2023-10-05,3,126.6,Online
1092,107,2099,2024-01-23,2,62.72,Online
1093,111,2099,2023-08-31,3,45.43,In-Store
1094,105,2099,2024-04-23,2,123.72,Online
1095,107,2099,2024-02-24,1,70.94,Online
1096,108,2099,2023-09-17,1,209.81,Online
1097,104,2099,2023-12-06,2,67.42,In-Store
1098,106,2099,2023-11-12,1,37.75,In-Store
1099,116,2099,2023-08-06,2,234.3,Online
1100,106,2099,2023-12-16,1,37.56,Online
1101,107,2099,2024-02-17,1,65.72,Online
1102,113,2099,2024-05-10,3,10.72,Online
1103,108,2099,2023-11-02,1,181.12,Online
1104,110,2099,2024-05-13,3,123.87,Online
1105,114,2099,2024-01-03,3,51.15,Online
1106,117,2099,2024-02-09,1,133.05,Online
1107,109,2099,2024-03-01,1,136.73,In-Store
1108,101,2099,2023-12-06,3,28.67,Online
1109,105,2100,2024-02-18,2,106.74,In-Store
1110,118,2100,2023-10-23,1,119.86,In-Store
1111,116,2100,2023-11-01,2,259.68,Online
1112,114,2100,2024-01-14,2,58.16,In-Store
1113,108,2100,2024-03-28,3,186.61,Online
1114,111,2100,2023-09-28,2,47.91,Online
1115,117,2100,2024-03-25,3,126.5,In-Store
1116,103,2100,2023-12-12,1,91.74,Online
1117,105,2100,2024-04-09,2,114.74,In-Store
1118,118,2100,2023-11-21,1,128.92,Online
1119,116,2100,2023-10-05,1,233.88,In-Store
1120,111,2100,2024-01-12,1,49.23,In-Store
1121,104,2100,2024-04-28,1,56.4,Online
1122,101,2100,2024-01-27,3,28.04,In-Store
1123,107,2100,2024-02-10,3,64.3,Online
1124,113,2100,2024-03-07,3,9.79,In-Store
1125,109,2100,2023-08-12,1,152.33,Online
1126,116,2100,2024-01-07,3,256.93,Online
1127,108,2100,2023-12-23,3,203.76,In-Store
1128,110,2100,2023-08-21,2,110.26,In-Store
1129,111,2100,2024-03-09,1,45.9,Online
1130,114,2100,2023-11-04,2,59.3,Online
1131,114,2100,2023-11-14,2,51.25,Online
1132,111,2100,2024-04-26,3,44.4,In-Store
1133,105,2101,2024-02-27,2,111.62,In-Store
1134,103,2101,2024-04-11,3,86.43,In-Store
1135,103,2101,2023-10-20,1,85.35,Online
1136,108,2101,2024-01-26,1,207.06,Online
1137,114,2101,2024-05-11,3,53.38,In-Store
1138,104,2101,2024-02-11,3,59.14,In-Store
1139,114,2101,2024-03-17,1,52.91,In-Store
1140,109,2101,2024-05-18,2,135.68,In-Store
1141,103,2101,2023-09-15,1,91.2,In-Store
1142,110,2101,2024-01-20,2,121.66,In-Store
1143,106,2101,2024-04-08,1,35.37,Online
1144,113,2101,2023-12-21,3,11.51,In-Store
1145,105,2101,2024-02-29,2,124.15,In-Store
1146,114,2101,2024-04-26,1,57.28,In-Store
1147,117,2101,2023-10-30,1,122.65,Online
1148,108,2101,2024-05-26,2,178.63,Online
1149,105,2101,2024-03-30,2,117.68,In-Store
1150,107,2101,2024-05-17,3,71.15,In-Store
1151,113,2101,2023-09-02,1,10.39,Online
1152,118,2101,2023-10-01,1,122.11,Online
1153,107,2101,2024-03-19,1,71.28,Online
1154,106,2101,2023-10-26,2,32.71,In-Store
1155,116,2101,2023-12-29,1,258.17,In-Store
1156,117,2101,2024-03-17,2,139.54,Online
1157,106,2101,2024-04-02,2,34.22,Online
1158,103,2101,2024-04-17,1,88.92,Online
1159,104,2101,2024-01-06,1,56.93,In-Store
1160,112,2101,2024-05-02,2,29.95,In-Store
1161,106,2101,2023-08-24,1,38.84,In-Store
1162,103,2102,2023-10-27,1,93.04,In-Store
1163,115,2102,2023-10-01,3,117.4,Online
1164,106,2102,2023-10-06,2,35.66,Online
1165,117,2102,2023-10-24,2,127.62,In-Store
1166,102,2102,2023-12-18,2,26.54,Online
1167,101,2102,2023-11-01,2,29.68,Online
1168,111,2102,2024-01-26,1,47.33,Online
1169,116,2102,2023-12-23,2,225.25,Online
1170,103,2102,2024-01-12,2,91.84,In-Store
1171,107,2102,2024-03-12,3,69.36,Online
1172,118,2102,2024-01-03,2,126.88,In-Store
1173,110,2102,2023-08-16,2,119.32,In-Store
1174,109,2102,2023-11-02,1,139.88,In-Store
1175,107,2103,2023-04-26,3,62.3,Online
1176,118,2103,2023-09-12,2,125.48,Online
1177,115,2104,2023-08-12,3,126.56,Online
1178,107,2104,2024-02-16,3,68.23,In-Store
1179,109,2104,2023-12-14,1,143.76,In-Store
1180,114,2104,2023-10-24,1,54.38,In-Store
1181,104,2104,2024-05-03,2,56.51,In-Store
1182,114,2104,2023-12-07,1,57.32,Online
1183,110,2104,2023-09-18,1,121.26,In-Store
1184,102,2104,2023-10-04,2,25.64,In-Store
1185,118,2104,2023-12-20,1,131.07,In-Store
1186,101,2104,2024-03-03,3,29.07,In-Store
1187,114,2104,2023-09-18,3,57.64,Online
1188,107,2104,2023-10-27,3,67.86,In-Store
1189,114,2105,2023-11-28,3,58.32,In-Store
1190,109,2105,2024-01-23,2,131.3,In-Store
1191,112,2105,2023-08-23,1,31.35,In-Store
1192,116,2105,2024-04-08,2,251.84,Online
1193,118,2105,2023-10-23,3,124.93,In-Store
1194,118,2105,2023-11-27,3,121.38,In-Store
1195,117,2105,2023-08-31,1,138.76,In-Store
1196,116,2105,2024-04-02,2,256.3,Online
1197,107,2105,2023-07-25,1,61.92,Online
1198,101,2105,2024-01-25,2,24.64,Online
1199,109,2106,2023-11-01,3,147.76,Online
1200,114,2107,2023-02-24,2,52.1,Online
1201,109,2108,2023-11-26,1,152.25,In-Store
1202,115,2108,2023-09-04,3,126.17,In-Store
1203,113,2108,2024-01-27,2,11.67,In-Store
1204,109,2108,2024-04-16,2,140.92,Online
1205,104,2108,2024-04-28,2,59.27,Online
1206,111,2108,2024-04-05,1,43.93,In-Store
1207,105,2108,2023-08-08,1,106.07,In-Store
1208,108,2108,2023-11-15,2,202.22,Online
1209,111,2108,2023-10-05,3,46.95,In-Store
1210,108,2108,2023-10-11,3,214.36,Online
1211,103,2108,2023-10-10,2,91.08,Online
1212,110,2108,2024-02-07,2,109.35,Online
1213,115,2109,2023-12-14,2,120.98,Online
1214,108,2109,2024-02-06,2,205.26,Online
1215,116,2110,2024-03-11,3,264.11,In-Store
1216,103,2110,2024-02-16,1,83.59,In-Store
1217,104,2110,2024-02-18,3,67.07,In-Store
1218,104,2110,2023-09-14,3,66.55,Online
1219,113,2110,2023-12-21,1,10.31,Online
1220,118,2110,2024-02-05,2,125.04,In-Store
1221,109,2110,2024-03-28,1,132.7,In-Store
1222,113,2110,2023-11-07,3,10.83,In-Store
1223,114,2110,2023-08-08,2,58.49,Online
1224,107,2110,2024-01-17,2,62.16,Online
1225,117,2110,2024-02-27,3,123.87,In-Store
1226,106,2110,2024-03-22,3,36.16,Online
1227,102,2110,2024-02-23,3,26.23,In-Store
1228,118,2110,2024-03-29,3,126.74,Online
1229,113,2110,2023-08-06,3,11.16,In-Store
1230,117,2110,2023-11-11,3,135.08,In-Store
1231,111,2110,2024-03-31,3,42.38,Online
1232,105,2110,2023-09-28,1,119.59,In-Store
1233,114,2110,2023-11-09,3,54.15,In-Store
1234,112,2110,2024-03-12,3,27.75,In-Store
1235,115,2110,2023-08-10,2,140.14,In-Store
1236,114,2111,2023-02-09,2,55.88,Online
1237,110,2111,2023-08-10,2,122.8,In-Store
1238,108,2111,2023-05-14,1,178.68,Online
1239,118,2112,2023-12-11,2,118.26,In-Store
1240,118,2113,2024-01-26,2,142.44,In-Store
1241,103,2113,2023-07-04,2,79.46,In-Store
1242,105,2113,2024-01-24,3,117.42,Online
1243,116,2113,2023-09-19,3,221.92,Online
1244,108,2113,2023-12-09,1,198.11,In-Store
1245,109,2113,2023-08-26,2,141.03,Online
1246,101,2113,2024-03-13,1,26.84,In-Store
1247,101,2113,2024-01-24,1,26.6,Online
1248,101,2113,2023-08-08,3,26.25,Online
1249,106,2113,2023-12-21,3,38.76,Online
1250,106,2113,2024-03-10,3,33.04,Online
1251,106,2114,2024-04-13,2,39.24,Online
1252,117,2114,2024-02-11,3,125.57,In-Store
1253,118,2114,2024-03-07,2,117.76,Online
1254,109,2114,2024-03-23,2,136.37,In-Store
1255,109,2114,2023-09-13,2,152.26,In-Store
1256,117,2114,2024-03-01,2,123.06,In-Store
1257,110,2114,2024-02-16,2,111.75,In-Store
1258,110,2114,2023-09-16,1,117.3,In-Store
1259,108,2114,2024-04-12,2,215.51,Online
1260,116,2114,2023-08-08,3,255.47,Online
1261,112,2114,2024-03-05,1,31.3,In-Store
1262,109,2114,2024-01-15,3,156.73,In-Store
1263,108,2114,2023-07-19,3,180.47,In-Store
1264,103,2115,2023-10-09,1,86.41,In-Store
1265,105,2115,2023-11-01,3,124.44,Online
1266,103,2115,2024-03-26,2,85.32,Online
1267,115,2115,2024-05-14,1,136.96,Online
1268,110,2115,2023-10-22,3,129.03,In-Store
1269,106,2115,2024-05-01,1,35.4,Online
1270,112,2115,2023-07-31,1,27.04,In-Store
1271,116,2115,2024-02-07,1,221.06,Online
1272,113,2115,2023-12-07,3,10.42,In-Store
1273,103,2115,2023-08-14,1,79.38,Online
1274,110,2115,2023-11-22,3,115.35,In-Store
1275,103,2115,2024-02-06,2,85.55,Online
1276,106,2116,2023-12-16,3,34.47,Online
1277,108,2116,2024-03-06,1,214.96,In-Store
1278,108,2116,2024-03-11,3,183.78,In-Store
1279,114,2116,2024-05-07,3,52.51,Online
1280,108,2116,2024-03-12,2,205.35,Online
1281,106,2116,2023-11-16,1,33.05,In-Store
1282,101,2116,2024-03-29,3,26.85,In-Store
1283,109,2116,2024-05-09,2,149.13,In-Store
1284,108,2116,2023-11-17,3,192.64,Online
1285,114,2116,2023-09-16,3,55.15,In-Store
1286,105,2116,2023-11-19,2,108.91,Online
1287,105,2116,2024-03-17,1,117.07,Online
1288,115,2116,2024-02-09,1,122.87,In-Store
1289,111,2117,2023-12-03,2,43.81,Online
1290,116,2117,2023-12-23,2,234.69,In-Store
1291,111,2117,2023-12-17,3,46.58,Online
1292,104,2117,2024-02-10,2,59.75,In-Store
1293,109,2117,2024-04-06,3,153.23,Online
1294,115,2117,2024-03-23,2,125.12,In-Store
1295,114,2117,2023-09-25,3,58.01,In-Store
1296,102,2117,2024-01-29,3,25.74,In-Store
1297,113,2117,2024-04-26,1,10.46,Online
1298,114,2117,2024-05-03,3,54.76,Online
1299,106,2117,2023-07-22,1,39.61,Online
1300,106,2117,2024-02-03,3,35.04,Online
1301,104,2117,2023-12-03,3,57.11,In-Store
1302,116,2117,2023-12-04,2,246.06,Online
1303,107,2117,2024-01-06,1,59.17,Online
1304,101,2117,2023-09-24,1,27.21,Online
1305,113,2117,2024-04-12,2,9.89,Online
1306,108,2118,2023-12-16,2,209.86,Online
1307,101,2118,2024-03-12,2,25.12,Online
1308,118,2118,2023-12-01,1,119.41,In-Store
1309,108,2119,2023-10-09,1,182.54,In-Store
1310,113,2119,2023-10-20,1,9.75,In-Store
1311,116,2119,2023-10-23,1,253.16,Online
1312,105,2119,2023-10-24,3,108.38,Online
1313,108,2119,2023-12-26,3,198.21,Online
1314,101,2119,2023-09-19,3,25.42,Online
1315,105,2119,2023-09-06,2,115.81,Online
1316,112,2119,2023-09-19,3,28.04,In-Store
1317,118,2119,2023-08-22,3,126.91,Online
1318,110,2119,2023-11-05,2,119.37,Online
1319,107,2120,2024-03-30,1,70.05,Online
1320,110,2120,2023-08-03,2,112.92,Online
1321,107,2120,2024-03-16,3,60.94,In-Store
1322,118,2120,2023-08-20,1,129.79,Online
1323,108,2120,2023-08-21,2,209.31,Online
1324,101,2120,2024-01-14,1,26.85,In-Store
1325,102,2120,2023-07-21,3,27.63,In-Store
1326,102,2120,2024-03-08,2,27.85,Online
1327,117,2120,2024-02-15,3,128.54,Online
1328,104,2120,2024-02-15,1,56.52,In-Store
1329,114,2121,2024-01-07,1,50.65,Online
1330,116,2121,2023-11-01,3,259.14,Online
1331,109,2121,2024-04-23,2,130.85,Online
1332,110,2121,2024-04-10,3,128.43,In-Store
1333,101,2121,2023-11-25,1,26.6,Online
1334,107,2121,2024-04-18,2,66.62,In-Store
1335,109,2121,2023-11-19,3,129.35,In-Store
1336,116,2121,2024-02-13,3,241.8,In-Store
1337,110,2121,2024-04-22,2,115.35,Online
1338,109,2121,2024-02-14,1,143.45,In-Store
1339,110,2121,2023-08-25,1,112.34,In-Store
1340,107,2122,2023-09-05,3,66.81,In-Store
1341,110,2122,2023-10-18,1,113.95,In-Store
1342,113,2122,2024-01-05,1,10.78,Online
1343,116,2122,2023-07-28,2,237.37,Online
1344,108,2122,2023-08-21,2,201.9,In-Store
1345,104,2122,2023-08-07,2,60.7,Online
1346,109,2122,2024-03-26,1,153.13,In-Store
1347,111,2122,2023-09-17,1,50.64,Online
1348,103,2122,2024-02-19,1,87.99,Online
1349,115,2122,2023-09-09,3,137.37,Online
1350,113,2122,2023-09-23,2,10.09,In-Store
1351,115,2122,2024-03-25,2,120.25,In-Store
1352,118,2122,2024-03-07,1,133.36,Online
1353,105,2122,2024-01-04,2,111.62,Online
1354,102,2122,2024-04-24,3,25.04,In-Store
1355,115,2122,2024-01-10,1,134.95,Online
1356,108,2122,2023-09-05,1,205.45,Online
1357,115,2123,2023-11-15,2,140.63,In-Store
1358,115,2123,2023-10-02,3,140.78,In-Store
1359,107,2124,2024-05-03,2,68.49,In-Store
1360,107,2124,2023-09-19,3,68.55,In-Store
1361,110,2124,2024-05-04,1,111.54,Online
1362,113,2124,2024-05-26,3,10.63,Online
1363,107,2124,2023-08-26,2,71.78,Online
1364,116,2124,2024-04-05,3,241.7,Online
1365,101,2124,2023-09-09,1,29.86,In-Store
1366,103,2124,2024-03-14,3,93.04,In-Store
1367,107,2124,2024-05-07,2,70.27,In-Store
1368,113,2124,2023-12-07,1,11.66,Online
1369,101,2124,2023-09-10,3,24.79,In-Store
1370,101,2124,2023-11-27,2,24.52,In-Store
1371,109,2124,2024-05-06,1,149.88,In-Store
1372,109,2124,2024-04-07,1,129.61,In-Store
1373,113,2124,2023-12-03,2,10.88,Online
1374,106,2124,2023-10-15,1,39.21,In-Store
1375,107,2124,2024-02-06,1,60.57,Online
1376,114,2124,2024-04-23,2,52.49,In-Store
1377,103,2124,2024-04-30,2,89.14,Online
1378,110,2125,2023-06-30,2,116.85,Online
1379,113,2125,2023-09-29,1,11.18,In-Store
1380,115,2125,2024-02-17,2,135.09,Online
1381,109,2126,2023-07-20,2,140.56,In-Store
1382,111,2127,2024-03-19,1,46.63,Online
1383,118,2127,2023-09-28,1,118.68,In-Store
1384,111,2127,2024-05-06,1,44.44,In-Store
1385,112,2127,2023-11-16,3,31.59,Online
1386,104,2127,2023-07-27,3,61.75,In-Store
1387,113,2127,2024-03-20,3,10.85,Online
1388,115,2127,2023-08-11,3,132.7,Online
1389,109,2127,2024-02-03,3,150.16,In-Store
1390,112,2127,2024-05-17,1,30.5,Online
1391,109,2127,2023-12-16,3,128.97,Online
1392,105,2127,2023-10-05,1,110.28,In-Store
1393,109,2127,2023-07-24,3,134.76,Online
1394,103,2127,2023-08-22,2,78.7,In-Store
1395,112,2127,2023-09-30,3,28.65,Online
1396,113,2127,2024-04-08,3,9.74,Online
1397,105,2127,2024-05-18,1,116.39,In-Store
1398,101,2127,2023-10-26,3,28.98,In-Store
1399,114,2127,2023-12-04,1,57.02,Online
1400,118,2127,2024-02-29,1,119.82,In-Store
1401,107,2128,2023-10-04,2,68.67,In-Store
1402,104,2128,2024-02-18,2,57.56,Online
1403,116,2128,2023-07-28,1,253.17,In-Store
1404,111,2128,2024-02-28,2,48.58,In-Store
1405,115,2128,2024-04-04,2,142.95,In-Store
1406,103,2128,2024-01-10,3,94.66,In-Store
1407,108,2128,2024-01-15,1,211.61,Online
1408,102,2128,2024-03-15,2,28.86,In-Store
1409,108,2128,2023-09-27,1,190.48,Online
1410,116,2128,2023-09-02,1,252.13,In-Store
1411,116,2128,2023-07-22,2,258.34,Online
1412,110,2128,2024-02-22,2,126.39,In-Store
1413,114,2129,2023-10-06,1,57.75,In-Store
1414,113,2129,2023-09-01,3,11.38,In-Store
1415,110,2129,2024-03-04,2,123.44,In-Store
1416,102,2129,2024-02-22,2,28.79,In-Store
1417,117,2129,2023-10-19,3,143.64,In-Store
1418,117,2129,2023-12-01,3,135.22,Online
1419,110,2129,2024-05-10,3,115.44,In-Store
1420,111,2129,2024-04-03,2,43.99,Online
1421,111,2129,2023-08-17,1,46.77,Online
1422,117,2129,2023-12-26,3,134.74,Online
1423,111,2129,2023-12-05,2,51.04,In-Store
1424,112,2129,2024-03-26,3,28.17,In-Store
1425,116,2129,2024-02-16,1,220.04,In-Store
1426,117,2129,2023-12-30,3,120.98,In-Store
1427,106,2129,2023-11-01,2,34.53,In-Store
1428,111,2129,2024-04-12,3,42.92,In-Store
1429,102,2129,2024-04-21,3,29.54,In-Store
1430,118,2129,2023-12-31,1,135.54,In-Store
1431,102,2129,2024-04-14,3,29.62,Online
1432,102,2129,2024-05-26,3,27.85,In-Store
1433,117,2129,2023-09-30,1,120.09,In-Store
1434,108,2129,2023-08-08,1,205.78,In-Store
1435,102,2129,2023-08-09,1,28.34,In-Store
1436,113,2129,2023-08-24,1,9.81,Online
1437,110,2129,2024-05-01,1,118.56,In-Store
1438,112,2129,2024-01-23,2,31.37,In-Store
1439,115,2129,2024-01-12,3,118.34,In-Store
1440,111,2130,2024-02-15,2,43.39,Online
1441,115,2130,2023-12-29,1,141.09,In-Store
1442,102,2130,2024-03-14,3,24.74,In-Store
1443,102,2130,2023-08-10,3,27.07,Online
1444,111,2130,2023-11-15,2,44.59,Online
1445,102,2130,2023-09-04,1,28.25,Online
1446,104,2130,2024-03-29,3,58.06,In-Store
1447,110,2130,2024-03-09,2,123.93,In-Store
1448,105,2130,2023-08-10,2,109.84,Online
1449,110,2130,2024-03-21,1,124.2,Online
1450,102,2131,2023-09-13,1,26.65,Online
1451,107,2132,2023-08-05,3,65.48,In-Store
1452,106,2132,2023-09-21,3,34.56,Online
1453,105,2132,2023-03-12,1,118.89,Online
1454,105,2133,2024-05-12,3,110.26,In-Store
1455,118,2133,2023-12-26,3,138.91,Online
1456,104,2133,2024-01-05,3,63.62,In-Store
1457,118,2133,2023-09-01,1,138.98,In-Store
1458,110,2133,2024-03-08,2,129.38,In-Store
1459,117,2133,2024-01-07,3,132.03,In-Store
1460,105,2133,2024-01-01,2,108.76,Online
1461,103,2133,2024-05-12,3,82.81,Online
1462,108,2133,2024-02-12,1,184.46,Online
1463,103,2133,2024-01-16,2,83.74,Online
1464,106,2133,2024-05-10,3,32.98,Online
1465,101,2133,2024-05-07,1,29.54,Online
1466,108,2133,2024-03-12,2,208.46,Online
1467,103,2133,2024-01-09,1,87.93,Online
1468,111,2133,2023-09-05,1,50.34,Online
1469,116,2133,2024-05-03,2,261.79,In-Store
1470,117,2133,2024-03-15,2,140.57,In-Store
1471,112,2133,2024-05-05,2,31.77,Online
1472,102,2133,2023-09-19,1,29.62,Online
1473,114,2133,2023-09-29,3,60.44,Online
1474,111,2133,2023-11-06,2,48.52,Online
1475,104,2133,2023-10-30,2,62.48,Online
1476,118,2133,2023-09-05,3,137.9,In-Store
1477,114,2133,2023-12-19,3,59.29,Online
1478,108,2133,2024-04-13,3,187.62,Online
1479,113,2133,2023-12-18,3,10.0,In-Store
1480,118,2133,2024-03-19,2,124.07,In-Store
1481,118,2134,2023-12-12,3,126.14,Online
1482,116,2134,2024-01-10,2,253.86,Online
1483,116,2135,2023-09-26,2,255.19,Online
1484,113,2135,2024-03-21,1,10.87,Online
1485,105,2135,2023-10-28,3,110.37,Online
1486,109,2135,2024-03-09,2,156.9,Online
1487,102,2135,2023-09-05,1,28.61,In-Store
1488,101,2135,2024-04-09,1,29.65,In-Store
1489,102,2135,2023-11-06,1,25.81,Online
1490,108,2135,2024-02-21,2,205.41,In-Store
1491,107,2135,2023-12-09,1,62.95,Online
1492,114,2135,2023-10-02,2,53.71,In-Store
1493,111,2135,2023-09-21,3,49.85,Online
1494,106,2135,2023-10-25,1,37.3,Online
1495,111,2135,2024-02-14,1,50.34,In-Store
1496,104,2135,2023-08-26,1,59.43,Online
1497,112,2136,2023-12-17,3,32.54,In-Store
1498,103,2137,2024-04-05,2,88.02,In-Store
1499,104,2137,2023-08-05,1,63.14,In-Store
1500,115,2137,2023-12-18,1,123.61,In-Store
1501,109,2137,2024-02-20,1,152.63,In-Store
1502,113,2137,2024-03-15,2,11.16,Online
1503,115,2137,2023-12-26,2,139.0,In-Store
1504,113,2137,2024-01-13,3,10.5,Online
1505,110,2137,2023-12-20,3,118.26,Online
1506,102,2137,2024-05-06,1,25.33,In-Store
1507,109,2137,2024-01-07,2,151.61,Online
1508,118,2137,2023-10-25,3,133.19,In-Store
1509,109,2137,2023-11-23,1,155.28,In-Store
1510,101,2138,2023-07-05,3,24.55,In-Store
1511,103,2138,2024-03-23,2,83.09,In-Store
1512,101,2138,2024-03-18,1,26.24,In-Store
1513,117,2138,2023-10-23,2,127.36,In-Store
1514,114,2138,2024-01-16,3,53.15,Online
1515,112,2138,2023-12-26,2,31.09,Online
1516,113,2138,2024-02-13,1,9.76,Online
1517,115,2138,2023-11-03,2,139.47,Online
1518,111,2138,2023-10-30,1,47.24,Online
1519,118,2138,2023-12-14,1,135.25,In-Store
1520,113,2138,2023-12-08,3,11.22,In-Store
1521,114,2138,2023-08-22,2,51.93,In-Store
1522,106,2138,2023-08-01,1,33.39,In-Store
1523,110,2139,2023-10-29,3,109.51,In-Store
1524,116,2139,2023-07-15,2,224.95,Online
1525,111,2140,2023-07-19,1,49.59,In-Store
1526,106,2140,2023-12-29,1,33.9,Online
1527,117,2140,2023-09-11,1,124.66,Online
1528,107,2140,2023-10-25,2,69.29,In-Store
1529,117,2140,2023-09-19,1,123.51,In-Store
1530,113,2140,2023-08-17,1,10.03,In-Store
1531,107,2140,2023-11-23,2,66.49,In-Store
1532,110,2140,2023-10-18,3,115.26,In-Store
1533,118,2140,2024-01-01,1,141.68,In-Store
1534,118,2140,2024-04-05,2,120.43,Online
1535,118,2140,2023-07-04,3,136.07,Online
1536,107,2140,2023-11-29,1,67.3,Online
1537,114,2141,2023-12-30,2,54.07,In-Store
1538,117,2141,2023-07-09,3,122.51,In-Store
1539,107,2141,2023-07-30,1,61.14,Online
1540,118,2141,2023-10-20,2,130.13,In-Store
1541,108,2141,2023-07-22,1,189.67,In-Store
1542,102,2141,2024-01-13,1,25.78,Online
1543,112,2141,2024-04-18,3,30.9,In-Store
1544,115,2141,2024-01-25,1,130.92,Online
1545,116,2141,2024-01-11,1,233.29,In-Store
1546,108,2141,2023-11-16,3,211.6,In-Store
1547,115,2141,2024-01-16,2,136.18,In-Store
1548,106,2141,2024-02-11,3,39.56,In-Store
1549,118,2142,2023-08-18,3,125.05,Online
1550,102,2142,2023-12-20,3,28.15,Online
1551,114,2143,2024-05-05,2,58.12,In-Store
1552,107,2143,2024-02-13,2,70.16,Online
1553,114,2143,2024-01-09,3,56.43,Online
1554,110,2143,2024-01-28,2,127.68,In-Store
1555,108,2143,2023-10-20,2,210.06,In-Store
1556,106,2143,2023-11-26,2,38.72,Online
1557,111,2143,2023-10-21,2,47.48,Online
1558,114,2143,2023-12-12,1,50.59,In-Store
1559,109,2143,2024-02-28,2,155.27,In-Store
1560,104,2143,2023-10-13,3,67.72,In-Store
1561,111,2144,2023-08-11,1,45.9,Online
1562,109,2145,2023-09-15,2,149.4,In-Store
1563,115,2145,2023-06-27,2,136.08,In-Store
1564,111,2145,2023-04-26,1,51.2,Online
1565,115,2146,2023-09-08,2,120.18,Online
1566,118,2146,2023-11-19,1,136.61,Online
1567,112,2146,2023-11-10,2,32.78,Online
1568,101,2146,2023-11-10,3,29.91,In-Store
1569,113,2146,2023-11-16,1,9.77,Online
1570,115,2146,2023-08-26,3,122.39,Online
1571,106,2146,2024-04-04,1,35.28,In-Store
1572,117,2146,2023-08-26,1,119.71,Online
1573,102,2146,2023-08-04,3,28.13,In-Store
1574,111,2146,2024-04-23,3,46.76,In-Store
1575,105,2146,2023-09-26,1,107.93,Online
1576,106,2146,2024-02-20,3,38.79,In-Store
1577,104,2146,2023-11-17,3,59.52,In-Store
1578,111,2146,2024-04-25,3,50.61,Online
1579,104,2146,2024-03-29,2,64.84,Online
1580,112,2146,2024-03-26,3,31.37,In-Store
1581,112,2146,2024-01-14,3,31.42,Online
1582,103,2146,2024-02-25,2,87.08,Online
1583,101,2146,2024-03-11,1,25.23,In-Store
1584,117,2146,2023-10-31,2,138.44,In-Store
1585,116,2146,2024-03-14,3,245.15,In-Store
1586,105,2146,2024-01-13,1,122.24,Online
1587,115,2146,2024-02-22,3,129.61,Online
1588,108,2146,2023-08-16,1,195.31,In-Store
1589,117,2146,2023-09-24,3,138.0,In-Store
1590,109,2146,2023-08-22,2,133.26,Online
1591,102,2146,2023-08-01,3,26.34,In-Store
1592,104,2147,2024-02-16,2,63.38,Online
1593,101,2147,2023-08-16,1,25.37,Online
1594,117,2147,2024-04-13,2,144.33,In-Store
1595,101,2147,2023-11-10,1,27.8,Online
1596,115,2147,2024-01-24,1,118.01,In-Store
1597,115,2147,2024-04-23,3,139.43,Online
1598,112,2147,2023-09-23,2,31.26,In-Store
1599,114,2147,2023-08-06,2,56.64,Online
1600,101,2147,2024-03-25,2,27.68,In-Store
1601,105,2147,2023-08-25,2,123.05,Online
1602,118,2148,2023-10-27,1,134.1,Online
1603,104,2148,2024-05-19,3,56.26,Online
1604,114,2148,2024-01-02,2,56.68,In-Store
1605,104,2148,2023-09-19,1,62.57,In-Store
1606,117,2148,2023-11-04,2,118.87,Online
1607,108,2148,2023-10-15,2,180.64,Online
1608,110,2148,2023-12-17,3,111.58,In-Store
1609,115,2148,2024-05-01,3,132.33,In-Store
1610,103,2148,2024-04-12,3,89.87,In-Store
1611,115,2148,2024-01-23,2,139.9,In-Store
1612,105,2148,2023-07-31,3,115.44,Online
1613,118,2148,2024-02-13,2,136.48,In-Store
1614,105,2148,2023-08-08,3,126.99,Online
1615,113,2148,2023-10-05,2,10.5,In-Store
1616,116,2149,2023-08-06,2,250.65,In-Store
1617,113,2149,2023-10-24,3,10.35,Online
1618,103,2149,2024-05-01,2,81.7,Online
1619,101,2149,2024-01-16,3,28.05,In-Store
1620,110,2149,2024-03-26,2,123.76,Online
1621,105,2149,2024-03-23,1,122.96,Online
1622,113,2149,2024-01-02,3,9.92,Online
1623,101,2149,2023-11-05,1,27.39,In-Store
1624,107,2149,2023-10-02,2,69.87,Online
1625,102,2149,2024-05-10,2,26.13,In-Store
1626,107,2149,2023-09-11,2,69.6,Online
1627,109,2149,2024-04-19,3,131.37,Online
1628,103,2149,2024-01-29,3,81.07,Online
1629,101,2149,2023-09-16,2,27.61,Online
1630,109,2149,2024-01-24,2,140.79,Online
1631,111,2149,2024-03-24,3,44.9,Online
1632,110,2149,2024-01-24,2,120.44,In-Store
1633,117,2150,2023-12-08,3,144.13,Online
1634,117,2151,2024-02-26,1,126.74,In-Store
1635,116,2151,2024-01-31,1,233.4,Online
1636,109,2151,2024-05-07,3,153.61,In-Store
1637,102,2151,2024-03-21,2,28.25,In-Store
1638,108,2151,2024-03-05,2,188.58,Online
1639,102,2151,2023-09-28,2,27.87,Online
1640,113,2151,2024-05-14,3,10.04,In-Store
1641,114,2151,2023-12-09,1,59.49,Online
1642,101,2151,2024-04-24,1,29.87,In-Store
1643,104,2151,2023-07-27,3,57.28,Online
1644,106,2151,2023-10-22,2,36.9,In-Store
1645,118,2152,2023-12-12,2,128.72,In-Store
1646,118,2152,2023-08-05,2,128.91,In-Store
1647,102,2153,2023-12-16,1,26.33,Online
1648,107,2153,2024-01-29,3,63.86,In-Store
1649,102,2153,2024-02-11,3,26.9,In-Store
1650,102,2153,2024-01-05,3,29.44,In-Store
1651,116,2153,2024-04-30,1,243.38,Online
1652,104,2153,2024-02-01,1,60.06,Online
1653,109,2153,2023-11-06,1,129.08,In-Store
1654,102,2153,2023-08-05,3,24.85,In-Store
1655,117,2153,2024-04-26,2,123.91,In-Store
1656,106,2153,2023-09-24,2,36.73,Online
1657,109,2153,2023-08-17,3,147.0,In-Store
1658,118,2153,2023-10-19,3,119.68,In-Store
1659,117,2153,2023-09-25,2,133.62,Online
1660,102,2153,2024-04-13,2,24.41,In-Store
1661,117,2153,2023-09-20,1,142.94,Online
1662,101,2153,2023-08-16,3,25.22,Online
1663,115,2153,2024-02-25,1,129.8,Online
1664,114,2153,2024-02-21,1,52.17,Online
1665,113,2153,2024-04-18,2,10.59,Online
1666,115,2153,2024-04-18,1,137.92,In-Store
1667,115,2154,2024-01-17,1,133.21,Online
1668,102,2154,2024-05-09,3,25.22,Online
1669,109,2154,2024-04-18,2,137.98,In-Store
1670,115,2154,2024-05-08,1,123.69,Online
1671,106,2154,2023-10-22,1,39.05,In-Store
1672,104,2154,2024-03-02,3,62.98,In-Store
1673,102,2154,2023-09-07,2,27.58,Online
1674,109,2154,2023-11-12,2,130.73,In-Store
1675,114,2154,2024-01-21,2,57.58,In-Store
1676,113,2154,2024-01-11,1,10.74,In-Store
1677,108,2154,2023-08-10,2,194.93,In-Store
1678,104,2155,2024-03-26,1,61.13,In-Store
1679,105,2155,2024-02-15,3,120.39,In-Store
1680,103,2155,2023-12-29,2,84.27,In-Store
1681,109,2155,2023-12-11,1,151.06,Online
1682,116,2155,2024-01-10,1,237.3,In-Store
1683,118,2155,2023-10-08,3,134.71,In-Store
1684,105,2155,2023-07-31,2,107.2,Online
1685,113,2155,2023-09-06,2,10.8,Online
1686,112,2155,2024-02-15,2,31.47,Online
1687,111,2155,2024-05-03,3,43.81,In-Store
1688,104,2155,2024-04-09,3,64.3,Online
1689,113,2155,2023-08-16,2,10.24,Online
1690,110,2155,2024-05-03,2,117.18,In-Store
1691,106,2155,2024-02-19,3,34.37,Online
1692,103,2155,2023-12-10,1,80.39,Online
1693,102,2156,2023-08-01,3,27.93,Online
1694,109,2156,2023-10-20,3,133.33,In-Store
1695,117,2157,2024-02-23,3,137.38,Online
1696,113,2157,2023-10-31,1,10.98,Online
1697,109,2157,2023-11-13,3,138.16,In-Store
1698,105,2157,2024-01-13,1,118.31,Online
1699,109,2157,2023-08-20,3,145.99,In-Store
1700,113,2157,2024-01-15,2,10.12,Online
1701,118,2157,2024-01-29,2,127.39,In-Store
1702,118,2157,2023-12-25,1,126.41,In-Store
1703,112,2157,2023-11-16,3,32.4,Online
1704,115,2157,2023-07-26,1,137.23,In-Store
1705,117,2157,2023-11-12,2,138.76,Online
1706,105,2157,2023-10-12,3,127.63,In-Store
1707,108,2157,2024-03-26,3,198.7,In-Store
1708,114,2157,2023-10-06,2,59.89,Online
1709,108,2158,2023-11-10,3,210.85,In-Store
1710,107,2158,2024-05-19,1,71.86,Online
1711,115,2158,2023-11-23,1,128.08,Online
1712,102,2158,2023-11-06,1,27.21,Online
1713,110,2158,2024-03-30,2,127.4,In-Store
1714,105,2158,2023-08-01,3,126.69,In-Store
1715,102,2158,2024-05-02,3,24.56,Online
1716,101,2158,2023-09-19,2,27.68,Online
1717,108,2158,2024-05-05,1,216.41,In-Store
1718,115,2158,2024-05-12,2,136.63,Online
1719,114,2158,2024-01-24,1,52.87,Online
1720,109,2158,2023-11-19,1,138.33,Online
1721,116,2158,2023-09-01,1,249.69,In-Store
1722,107,2158,2023-09-21,1,71.75,Online
1723,115,2158,2024-01-31,2,126.87,Online
1724,118,2158,2023-08-06,2,130.37,Online
1725,117,2158,2024-04-28,3,133.82,Online
1726,118,2158,2024-04-13,2,122.22,Online
1727,114,2158,2024-03-05,3,50.61,Online
1728,104,2159,2023-09-17,1,62.12,In-Store
1729,109,2160,2023-11-16,1,131.04,In-Store
1730,102,2160,2023-12-21,1,28.25,Online
1731,106,2160,2024-02-06,3,39.16,Online
1732,109,2160,2024-05-17,3,137.81,Online
1733,109,2160,2024-04-19,2,130.26,In-Store
1734,101,2160,2023-10-19,3,25.2,Online
1735,118,2160,2024-04-07,3,142.08,Online
1736,117,2160,2024-02-09,2,139.69,Online
1737,109,2160,2023-09-03,1,130.37,In-Store
1738,113,2160,2024-02-28,3,10.59,Online
1739,105,2160,2023-12-09,1,112.66,In-Store
1740,102,2160,2023-12-29,1,25.46,Online
1741,106,2160,2024-01-30,1,39.24,In-Store
1742,101,2160,2024-01-01,3,27.44,Online
1743,101,2161,2023-08-27,2,25.26,Online
1744,106,2161,2024-01-08,2,39.63,Online
1745,117,2161,2024-02-28,3,135.52,Online
1746,101,2162,2024-01-10,1,26.94,In-Store
1747,102,2162,2023-07-25,3,25.35,Online
1748,103,2162,2024-04-03,1,86.1,In-Store
1749,110,2162,2023-09-30,2,112.89,Online
1750,109,2162,2023-09-23,1,140.16,In-Store
1751,107,2162,2024-03-31,3,60.99,Online
1752,106,2162,2023-09-10,3,37.82,In-Store
1753,108,2162,2024-03-15,1,214.24,Online
1754,106,2162,2024-03-26,3,37.56,In-Store
1755,107,2162,2023-10-14,3,70.3,In-Store
1756,115,2163,2023-08-12,1,126.68,In-Store
1757,109,2163,2023-11-21,3,149.63,Online
1758,113,2163,2023-08-06,2,11.09,Online
1759,113,2163,2024-04-12,2,10.3,In-Store
1760,116,2163,2023-12-05,3,234.12,Online
1761,116,2163,2024-02-21,1,259.64,In-Store
1762,102,2163,2023-11-01,2,27.78,In-Store
1763,112,2163,2024-02-14,1,31.0,Online
1764,102,2163,2023-08-18,1,28.85,Online
1765,113,2163,2023-12-22,3,10.7,Online
1766,115,2164,2023-11-28,2,132.18,Online
1767,105,2164,2023-08-11,1,116.4,Online
1768,111,2164,2023-09-22,1,47.51,Online
1769,102,2164,2023-10-09,2,26.96,Online
1770,110,2164,2023-11-11,2,118.74,Online
1771,113,2164,2024-03-25,3,11.31,In-Store
1772,114,2164,2024-03-19,2,59.88,In-Store
1773,116,2164,2023-11-03,1,257.88,Online
1774,104,2164,2023-09-22,3,56.53,Online
1775,105,2164,2024-03-05,1,120.93,Online
1776,101,2164,2024-05-11,3,25.58,Online
1777,118,2164,2023-10-12,2,120.98,In-Store
1778,113,2164,2023-12-20,1,11.2,In-Store
1779,108,2164,2024-03-11,3,211.12,In-Store
1780,111,2165,2024-01-30,1,45.97,Online
1781,107,2165,2024-02-11,3,68.8,Online
1782,110,2165,2024-03-29,3,120.88,In-Store
1783,107,2165,2024-03-17,2,61.25,In-Store
1784,111,2165,2024-03-04,2,42.55,Online
1785,117,2165,2024-01-03,2,131.48,Online
1786,113,2165,2024-03-21,2,11.0,Online
1787,118,2165,2023-10-08,3,125.4,In-Store
1788,105,2165,2024-02-02,1,111.61,Online
1789,116,2165,2024-03-12,3,252.89,Online
1790,117,2165,2024-04-30,2,140.02,Online
1791,105,2165,2023-08-13,2,127.54,Online
1792,114,2165,2024-02-27,1,51.01,Online
1793,115,2165,2023-10-22,2,140.64,Online
1794,114,2165,2024-02-22,2,57.77,Online
1795,108,2165,2024-03-20,2,201.8,Online
1796,115,2165,2023-10-28,1,137.83,Online
1797,113,2166,2024-02-08,3,10.6,Online
1798,106,2166,2023-08-29,2,37.93,Online
1799,105,2166,2023-07-19,1,112.93,Online
1800,107,2166,2024-02-23,2,68.46,In-Store
1801,105,2166,2023-12-26,3,125.92,In-Store
1802,108,2166,2024-01-27,2,184.66,Online
1803,114,2166,2023-09-06,2,57.91,In-Store
1804,106,2166,2023-08-05,1,38.75,Online
1805,104,2166,2023-12-18,2,59.04,In-Store
1806,118,2166,2023-09-06,2,138.32,Online
1807,115,2166,2023-08-12,2,125.81,In-Store
1808,112,2166,2023-09-26,1,29.21,Online
1809,117,2166,2023-09-08,1,138.57,In-Store
1810,116,2166,2024-01-10,1,241.16,In-Store
1811,114,2166,2023-11-20,1,50.97,In-Store
1812,108,2166,2024-02-07,1,208.01,Online
1813,118,2166,2024-04-20,1,137.06,Online
1814,104,2166,2023-12-14,2,63.84,Online
1815,114,2166,2023-11-29,1,57.09,In-Store
1816,118,2167,2023-10-31,3,126.13,Online
1817,117,2167,2023-04-24,3,136.38,In-Store
1818,115,2168,2023-04-01,2,123.12,Online
1819,113,2168,2023-02-09,3,9.58,Online
1820,106,2168,2023-01-30,1,37.13,In-Store
1821,108,2169,2024-05-01,3,206.78,In-Store
1822,118,2169,2023-12-18,1,117.57,In-Store
1823,103,2169,2024-05-01,2,82.61,In-Store
1824,115,2169,2024-01-28,1,141.26,Online
1825,116,2169,2023-12-15,1,257.37,In-Store
1826,117,2169,2023-07-24,3,132.42,In-Store
1827,106,2169,2024-05-14,1,34.81,Online
1828,114,2169,2024-01-28,3,52.82,Online
1829,109,2169,2023-09-21,1,153.15,In-Store
1830,113,2169,2024-02-28,2,10.77,Online
1831,117,2169,2023-10-30,3,132.25,In-Store
1832,103,2169,2024-02-24,3,94.0,In-Store
1833,101,2169,2024-04-08,2,27.28,In-Store
1834,101,2169,2024-01-17,1,28.63,In-Store
1835,104,2169,2023-11-24,2,65.73,In-Store
1836,118,2169,2024-04-24,2,117.03,Online
1837,103,2169,2023-10-08,2,78.95,Online
1838,110,2169,2023-11-27,3,121.79,Online
1839,107,2169,2023-11-04,3,69.84,In-Store
1840,104,2169,2023-08-11,1,66.79,Online
1841,111,2169,2023-08-24,2,45.15,In-Store
1842,113,2169,2023-11-28,2,10.19,Online
1843,101,2170,2023-08-27,3,29.71,In-Store
1844,114,2170,2024-04-04,3,55.27,In-Store
1845,106,2170,2024-03-02,1,33.18,In-Store
1846,115,2170,2024-01-15,2,126.76,In-Store
1847,105,2170,2023-08-18,2,123.11,In-Store
1848,108,2170,2023-09-30,2,188.17,Online
1849,107,2170,2023-12-09,2,64.1,In-Store
1850,117,2170,2024-04-02,2,134.13,In-Store
1851,110,2170,2024-01-28,3,129.46,In-Store
1852,112,2170,2023-12-15,1,31.97,Online
1853,101,2170,2024-05-01,3,25.92,Online
1854,114,2170,2023-07-26,1,51.99,Online
1855,111,2170,2024-03-12,2,50.79,In-Store
1856,108,2170,2024-02-28,3,217.69,In-Store
1857,109,2171,2024-03-07,3,147.95,Online
1858,110,2171,2023-09-14,2,109.54,In-Store
1859,110,2171,2023-07-14,2,112.43,In-Store
1860,104,2171,2023-12-28,1,56.05,Online
1861,115,2171,2023-09-25,1,131.5,In-Store
1862,111,2171,2024-04-21,3,45.51,In-Store
1863,116,2171,2023-08-30,2,254.59,In-Store
1864,104,2171,2024-04-30,3,57.25,Online
1865,113,2171,2024-04-04,1,10.18,In-Store
1866,106,2171,2023-10-30,2,39.2,Online
1867,107,2171,2024-03-03,1,66.0,In-Store
1868,114,2171,2023-09-25,1,58.77,Online
1869,107,2171,2023-12-05,2,64.15,Online
1870,103,2171,2024-02-12,3,88.22,In-Store
1871,103,2172,2023-09-11,2,95.09,Online
1872,106,2172,2023-11-10,1,33.18,Online
1873,101,2172,2023-12-17,1,25.09,Online
1874,108,2172,2024-05-23,1,200.19,In-Store
1875,112,2172,2024-02-15,2,30.54,In-Store
1876,116,2172,2023-10-04,2,246.88,Online
1877,106,2172,2023-10-12,1,38.29,Online
1878,101,2172,2024-03-24,3,28.71,Online
1879,111,2172,2023-09-13,2,45.89,In-Store
1880,107,2172,2023-08-26,3,71.78,In-Store
1881,101,2172,2023-10-05,3,24.97,In-Store
1882,104,2172,2023-11-01,3,59.41,Online
1883,106,2172,2024-05-28,1,33.93,Online
1884,112,2172,2023-11-28,2,30.02,Online
1885,111,2172,2023-12-15,3,45.28,In-Store
1886,105,2172,2023-09-05,1,122.21,In-Store
1887,108,2172,2023-08-15,2,194.55,Online
1888,103,2172,2023-12-18,2,88.05,In-Store
1889,108,2173,2023-07-20,2,184.93,Online
1890,113,2173,2024-02-25,2,9.9,In-Store
1891,101,2173,2023-10-27,3,25.98,Online
1892,101,2173,2023-09-26,2,28.91,In-Store
1893,109,2173,2024-01-18,1,142.42,Online
1894,105,2173,2024-03-18,2,115.28,In-Store
1895,107,2173,2023-08-15,3,68.87,Online
1896,118,2173,2023-12-15,2,138.45,In-Store
1897,110,2173,2023-08-03,1,112.81,In-Store
1898,103,2173,2024-03-07,1,92.87,Online
1899,106,2173,2024-01-05,2,32.61,In-Store
1900,103,2174,2023-05-22,3,78.24,In-Store
1901,103,2174,2023-10-14,3,80.72,In-Store
1902,105,2174,2023-02-12,2,125.39,Online
1903,108,2175,2023-08-20,1,189.84,In-Store
1904,116,2175,2023-10-16,3,245.16,In-Store
1905,117,2175,2023-12-05,1,124.41,Online
1906,101,2175,2024-02-19,1,25.97,Online
1907,118,2175,2024-02-20,3,122.49,In-Store
1908,102,2175,2023-07-27,2,25.16,Online
1909,115,2175,2024-04-30,3,136.41,In-Store
1910,116,2175,2023-08-07,1,227.45,In-Store
1911,115,2175,2023-10-30,1,133.62,Online
1912,117,2175,2024-03-29,2,142.39,Online
1913,117,2176,2023-08-10,2,142.44,In-Store
1914,106,2176,2023-05-31,3,37.92,Online
1915,110,2176,2023-09-03,1,130.5,In-Store
1916,118,2177,2023-12-22,1,140.95,Online
1917,103,2177,2023-10-09,2,90.12,Online
1918,116,2177,2023-12-13,2,254.89,In-Store
1919,105,2177,2023-09-08,2,120.67,In-Store
1920,103,2177,2023-09-18,2,91.29,In-Store
1921,102,2177,2024-02-20,2,28.69,In-Store
1922,117,2177,2023-09-16,3,133.63,Online
1923,114,2177,2023-08-09,1,54.77,In-Store
1924,113,2178,2023-11-30,1,9.99,In-Store
1925,118,2178,2023-06-03,1,136.11,In-Store
1926,105,2179,2023-10-03,3,116.9,Online
1927,108,2179,2023-08-30,2,196.73,Online
1928,114,2179,2024-03-01,1,58.08,In-Store
1929,118,2179,2023-12-07,1,129.96,Online
1930,101,2179,2024-04-02,2,25.38,In-Store
1931,109,2179,2024-01-30,3,156.57,In-Store
1932,109,2179,2024-03-28,1,155.65,Online
1933,105,2179,2023-11-19,2,115.17,Online
1934,117,2179,2023-08-18,3,136.66,Online
1935,110,2179,2023-09-19,3,114.44,Online
1936,106,2179,2023-12-30,2,34.65,In-Store
1937,112,2179,2023-12-08,3,30.53,In-Store
1938,110,2179,2023-12-11,2,122.17,Online
1939,105,2179,2024-01-08,1,125.62,In-Store
1940,103,2180,2023-08-05,1,86.93,In-Store
1941,102,2180,2023-10-13,2,24.46,Online
1942,106,2180,2024-05-11,3,37.31,Online
1943,103,2180,2023-11-25,3,88.59,Online
1944,108,2180,2024-01-25,3,212.15,Online
1945,103,2180,2023-08-01,2,94.18,In-Store
1946,104,2180,2024-01-09,1,66.89,In-Store
1947,115,2180,2024-03-27,3,130.99,Online
1948,110,2180,2023-08-28,2,111.7,In-Store
1949,107,2180,2024-02-07,3,69.93,Online
1950,109,2180,2023-08-22,3,143.72,Online
1951,109,2180,2023-11-10,3,145.45,In-Store
1952,112,2180,2024-02-08,2,27.91,In-Store
1953,101,2180,2023-12-17,3,25.94,In-Store
1954,112,2180,2023-11-04,3,28.99,Online
1955,118,2180,2024-03-13,1,125.32,Online
1956,102,2180,2024-01-25,3,25.98,In-Store
1957,117,2180,2023-10-21,1,138.89,Online
1958,118,2180,2024-03-01,3,132.25,Online
1959,110,2180,2024-03-20,3,110.53,Online
1960,110,2181,2023-07-23,1,126.04,In-Store
1961,114,2181,2023-07-15,2,56.23,In-Store
1962,107,2182,2023-12-29,2,66.12,In-Store
1963,110,2182,2024-03-13,1,125.91,In-Store
1964,117,2182,2024-02-19,1,127.08,In-Store
1965,110,2182,2024-03-24,2,127.07,Online
1966,113,2182,2024-05-02,2,9.97,In-Store
1967,104,2182,2023-08-17,3,58.1,In-Store
1968,108,2182,2024-04-24,2,191.29,In-Store
1969,103,2182,2023-10-08,1,80.77,Online
1970,108,2182,2023-12-07,2,203.39,In-Store
1971,107,2182,2024-02-08,2,62.17,In-Store
1972,104,2182,2024-04-27,3,67.86,In-Store
1973,110,2182,2023-10-29,3,112.71,Online
1974,111,2182,2023-10-27,3,45.09,In-Store
1975,114,2182,2023-07-31,3,60.99,In-Store
1976,117,2182,2024-05-05,3,141.95,In-Store
1977,111,2182,2024-02-25,3,51.32,Online
1978,108,2182,2023-10-04,2,191.63,Online
1979,116,2182,2023-12-08,1,236.13,In-Store
1980,116,2182,2023-09-27,3,254.68,Online
1981,109,2182,2023-12-18,2,144.14,Online
1982,113,2182,2024-03-01,2,11.3,Online
1983,102,2182,2024-02-19,1,27.38,In-Store
1984,112,2182,2023-11-03,1,30.94,In-Store
1985,115,2182,2023-10-22,3,120.78,In-Store
1986,102,2183,2024-02-28,2,28.02,Online
1987,108,2183,2023-12-12,2,187.96,In-Store
1988,107,2183,2023-10-19,2,60.55,Online
1989,102,2183,2023-09-12,1,24.72,Online
1990,105,2183,2024-03-14,1,116.05,Online
1991,114,2183,2023-10-09,2,54.16,In-Store
1992,106,2183,2023-11-04,1,34.89,Online
1993,109,2183,2023-10-15,3,136.43,Online
1994,115,2183,2023-10-11,2,139.97,In-Store
1995,116,2183,2023-10-03,1,219.14,In-Store
1996,101,2183,2024-04-28,2,24.74,Online
1997,109,2183,2024-03-29,3,151.35,In-Store
1998,104,2184,2024-04-28,2,59.69,Online
1999,118,2184,2024-01-26,1,116.97,In-Store
2000,108,2184,2024-01-09,3,192.37,In-Store
2001,102,2184,2023-11-21,1,27.96,Online
2002,108,2184,2024-01-08,3,192.16,In-Store
2003,117,2184,2024-02-15,2,129.69,In-Store
2004,107,2184,2023-12-27,3,63.17,Online
2005,118,2184,2023-08-03,2,129.46,In-Store
2006,114,2184,2023-07-13,2,60.02,In-Store
2007,103,2184,2024-01-19,3,81.9,Online
2008,115,2184,2023-08-05,1,123.45,Online
2009,102,2184,2024-03-27,2,28.89,Online
2010,103,2184,2024-03-07,1,80.28,Online
2011,104,2185,2023-08-09,2,64.06,In-Store
2012,110,2185,2023-12-24,2,116.42,Online
2013,107,2186,2024-01-09,1,61.52,Online
2014,110,2186,2023-10-22,1,119.28,In-Store
2015,112,2186,2024-04-28,2,30.33,In-Store
2016,113,2186,2023-08-27,1,11.37,Online
2017,118,2186,2024-04-12,1,137.26,Online
2018,104,2186,2024-01-28,3,67.09,Online
2019,108,2186,2024-02-10,3,192.39,Online
2020,111,2186,2024-03-19,2,47.07,In-Store
2021,118,2186,2024-03-17,2,141.87,Online
2022,105,2187,2023-10-16,2,111.3,In-Store
2023,102,2187,2023-08-19,3,28.23,In-Store
2024,111,2187,2024-03-08,1,46.7,Online
2025,106,2187,2024-03-08,2,36.01,In-Store
2026,101,2187,2024-03-27,2,29.9,Online
2027,112,2187,2023-12-04,3,29.48,Online
2028,105,2187,2024-01-21,3,122.54,In-Store
2029,106,2187,2024-05-04,3,38.42,In-Store
2030,115,2187,2024-04-12,1,134.29,In-Store
2031,110,2187,2023-09-03,3,107.94,In-Store
2032,110,2187,2023-11-06,3,114.21,Online
2033,111,2187,2024-01-20,2,44.48,Online
2034,117,2188,2024-03-16,1,123.46,Online
2035,111,2188,2024-01-29,1,47.05,In-Store
2036,105,2188,2023-10-28,2,118.51,Online
2037,105,2188,2023-12-17,2,123.7,Online
2038,116,2188,2024-03-12,3,251.98,Online
2039,118,2188,2023-07-13,1,119.58,In-Store
2040,118,2188,2023-12-30,2,122.02,Online
2041,104,2188,2024-05-01,1,66.93,Online
2042,118,2188,2023-08-01,2,137.98,Online
2043,107,2188,2024-04-02,2,63.81,In-Store
2044,107,2188,2024-02-12,3,66.15,In-Store
2045,104,2188,2023-09-22,3,57.28,In-Store
2046,111,2188,2024-04-29,3,47.76,Online
2047,105,2189,2023-11-19,3,122.06,In-Store
2048,115,2189,2023-07-19,1,123.21,In-Store
2049,111,2189,2023-11-08,3,46.83,Online
2050,116,2189,2024-03-21,2,259.89,In-Store
2051,108,2189,2024-03-14,3,208.83,Online
2052,114,2189,2023-07-23,1,51.81,Online
2053,116,2189,2024-03-29,3,261.8,In-Store
2054,111,2189,2023-08-04,2,49.64,In-Store
2055,105,2189,2023-08-07,1,108.68,Online
2056,115,2189,2023-10-08,2,126.72,In-Store
2057,106,2189,2023-08-03,2,34.21,Online
2058,102,2189,2023-12-10,2,29.13,In-Store
2059,116,2189,2023-09-19,1,261.29,Online
2060,112,2190,2023-04-29,1,31.36,In-Store
2061,111,2191,2023-11-11,1,45.68,In-Store
2062,104,2191,2023-08-05,3,66.38,In-Store
2063,106,2191,2023-10-06,2,33.49,Online
2064,110,2191,2023-08-23,1,115.96,Online
2065,110,2191,2024-05-18,3,129.11,Online
2066,117,2191,2024-04-18,3,137.42,In-Store
2067,116,2191,2024-02-24,3,234.89,In-Store
2068,106,2191,2023-09-06,2,36.81,Online
2069,112,2191,2024-02-13,3,28.02,Online
2070,115,2191,2023-09-25,1,128.68,Online
2071,116,2191,2024-02-21,1,260.4,Online
2072,108,2191,2024-04-29,3,207.03,In-Store
2073,106,2191,2024-01-22,1,35.91,In-Store
2074,101,2191,2023-11-22,1,27.48,Online
2075,101,2191,2023-09-07,2,27.84,Online
2076,112,2191,2024-04-30,1,27.62,Online
2077,116,2191,2023-10-31,3,239.59,In-Store
2078,118,2191,2024-02-20,3,126.36,In-Store
2079,113,2192,2023-10-25,3,9.97,In-Store
2080,118,2192,2023-07-21,3,124.52,In-Store
2081,103,2192,2024-02-26,2,79.66,Online
2082,118,2192,2023-10-26,2,124.66,In-Store
2083,112,2192,2024-01-06,2,31.96,In-Store
2084,118,2192,2023-10-04,3,131.14,In-Store
2085,114,2192,2024-02-19,2,50.93,Online
2086,104,2192,2024-01-25,2,67.19,In-Store
2087,102,2192,2024-01-19,2,25.92,Online
2088,116,2192,2023-08-21,2,228.7,Online
2089,103,2192,2024-01-31,1,78.94,Online
2090,116,2192,2024-01-05,2,219.06,In-Store
2091,102,2192,2023-07-27,2,24.91,In-Store
2092,108,2192,2023-09-24,1,206.12,In-Store
2093,111,2192,2023-12-02,1,44.03,In-Store
2094,108,2192,2024-02-05,3,188.19,In-Store
2095,111,2192,2023-11-21,1,44.72,In-Store
2096,102,2192,2023-08-11,3,24.93,Online
2097,108,2192,2024-04-16,3,206.63,In-Store
2098,115,2193,2024-05-12,2,133.77,Online
2099,114,2193,2024-01-18,2,50.51,In-Store
2100,101,2193,2023-11-20,3,26.94,Online
2101,115,2193,2023-08-27,3,122.83,In-Store
2102,107,2193,2023-09-10,2,68.79,Online
2103,110,2193,2023-12-18,2,120.87,In-Store
2104,104,2193,2023-12-21,3,60.75,Online
2105,105,2193,2024-02-19,3,125.12,In-Store
2106,110,2193,2024-02-15,1,109.77,In-Store
2107,116,2193,2023-09-12,3,251.14,In-Store
2108,112,2194,2023-11-09,3,30.8,Online
2109,103,2194,2023-11-17,2,80.91,In-Store
2110,102,2194,2023-11-18,3,24.86,In-Store
2111,117,2194,2023-10-22,1,121.51,In-Store
2112,111,2194,2023-07-26,2,51.65,Online
2113,115,2194,2024-04-30,1,120.09,Online
2114,111,2194,2024-01-30,2,51.13,In-Store
2115,104,2194,2023-08-30,2,56.23,Online
2116,110,2194,2023-09-24,2,118.93,In-Store
2117,116,2194,2024-03-29,2,235.38,In-Store
2118,105,2194,2024-03-28,2,123.69,Online
2119,117,2195,2023-09-22,3,145.17,Online
2120,116,2196,2023-03-11,2,253.32,In-Store
2121,108,2197,2024-03-19,3,197.54,Online
2122,105,2197,2023-08-31,3,112.53,Online
2123,106,2197,2023-08-11,1,37.57,Online
2124,101,2197,2023-08-16,2,28.3,Online
2125,117,2197,2023-12-03,1,121.48,In-Store
2126,116,2197,2024-01-29,3,245.18,In-Store
2127,106,2197,2024-04-13,1,34.58,Online
2128,115,2197,2023-08-09,1,127.83,In-Store
2129,112,2197,2024-02-20,3,27.69,Online
2130,104,2197,2024-01-27,3,58.45,In-Store
2131,101,2197,2024-03-07,3,29.4,Online
2132,105,2197,2024-04-12,3,119.55,In-Store
2133,105,2198,2024-03-02,1,113.73,In-Store
2134,109,2198,2023-08-03,2,128.59,In-Store
2135,107,2198,2023-12-21,2,68.28,Online
2136,114,2198,2023-12-12,1,59.78,Online
2137,118,2198,2023-11-10,2,134.85,In-Store
2138,108,2198,2023-12-31,1,182.61,Online
2139,102,2198,2023-07-17,3,28.85,In-Store
2140,117,2198,2023-11-07,1,140.75,In-Store
2141,104,2198,2024-03-01,3,63.9,Online
2142,106,2198,2023-10-20,3,34.27,In-Store
2143,109,2198,2023-10-13,3,147.15,Online
2144,103,2198,2024-04-06,1,81.56,In-Store
2145,117,2198,2023-09-24,2,126.59,In-Store
2146,105,2198,2023-09-04,3,117.73,In-Store
2147,111,2198,2023-09-14,3,46.99,In-Store
2148,110,2198,2023-10-12,3,108.16,Online
2149,104,2198,2024-02-08,2,66.16,In-Store
2150,109,2198,2023-12-04,1,154.55,In-Store
2151,111,2199,2024-02-26,3,47.9,In-Store
2152,118,2199,2024-01-23,3,125.82,Online
2153,114,2199,2023-09-11,1,55.29,In-Store
2154,117,2199,2023-07-27,3,129.7,In-Store
2155,102,2199,2023-08-17,1,28.94,Online
2156,116,2199,2023-10-25,3,231.82,In-Store
2157,105,2199,2024-01-13,2,120.63,In-Store
2158,107,2199,2023-08-10,1,62.93,Online
2159,109,2199,2023-08-09,2,153.06,Online
2160,110,2199,2023-12-05,3,109.97,Online
2161,118,2200,2023-12-30,1,139.18,In-Store
2162,108,2200,2023-10-09,1,210.89,In-Store
2163,114,2200,2024-01-07,3,57.92,In-Store
2164,108,2200,2024-03-05,1,201.92,Online
2165,111,2200,2023-12-27,2,49.51,Online
2166,118,2200,2024-02-17,1,117.5,Online
2167,116,2200,2023-12-06,3,247.5,In-Store
2168,101,2200,2023-10-25,2,28.41,In-Store
2169,112,2200,2024-01-02,1,29.18,In-Store
2170,104,2200,2023-11-24,2,57.49,Online
2171,108,2201,2023-10-05,2,187.53,In-Store
2172,115,2201,2024-01-15,2,122.52,In-Store
2173,113,2201,2023-09-04,1,10.56,Online
2174,104,2201,2024-03-09,3,65.76,In-Store
2175,115,2201,2023-10-08,2,130.38,Online
2176,107,2201,2023-12-19,1,62.84,In-Store
2177,106,2201,2023-08-21,2,33.5,Online
2178,107,2201,2024-01-25,2,63.79,In-Store
2179,115,2201,2024-02-21,3,121.65,In-Store
2180,118,2201,2023-09-07,2,121.78,Online
2181,118,2201,2024-05-12,1,134.96,Online
2182,117,2201,2024-03-21,2,121.96,Online
2183,106,2202,2024-02-24,3,33.68,Online
2184,112,2202,2023-11-24,3,29.1,Online
2185,117,2202,2024-02-18,1,129.92,Online
2186,103,2202,2024-02-02,1,85.5,In-Store
2187,115,2202,2023-08-16,3,136.16,In-Store
2188,118,2202,2024-02-03,3,123.08,Online
2189,108,2202,2024-04-16,3,196.83,Online
2190,117,2202,2023-12-23,3,144.14,Online
2191,105,2202,2023-12-05,1,128.19,In-Store
2192,114,2202,2024-04-14,2,59.04,Online
2193,113,2202,2024-03-21,3,10.22,Online
2194,116,2202,2023-12-19,3,248.35,In-Store
2195,118,2202,2024-03-10,1,133.54,Online
2196,113,2202,2024-02-09,3,11.58,Online
2197,103,2202,2024-04-24,2,95.12,Online
2198,101,2202,2023-09-20,1,27.28,Online
2199,112,2202,2024-02-14,3,31.4,Online
2200,103,2202,2024-02-14,2,88.43,Online
2201,101,2202,2023-11-06,1,25.8,Online
2202,101,2202,2024-02-25,2,24.62,Online
2203,114,2202,2024-01-15,1,52.28,In-Store
2204,110,2202,2023-12-29,3,128.08,In-Store
2205,115,2202,2024-04-17,3,135.89,In-Store
2206,106,2203,2023-12-30,2,34.58,Online
2207,116,2203,2024-02-03,1,250.79,In-Store
2208,110,2203,2023-06-22,2,129.33,Online
2209,101,2204,2023-06-30,2,27.02,Online
2210,115,2204,2023-10-03,2,119.64,Online
2211,115,2204,2024-02-11,1,131.12,Online
2212,114,2204,2023-07-26,1,55.11,In-Store
2213,116,2204,2023-12-21,3,229.47,Online
2214,101,2204,2023-09-16,1,27.52,In-Store
2215,105,2204,2024-03-08,3,114.88,Online
2216,105,2204,2024-04-08,3,114.66,In-Store
2217,103,2204,2024-03-17,1,81.63,Online
2218,102,2204,2024-02-28,2,27.43,Online
2219,117,2204,2023-07-18,2,144.38,In-Store
2220,115,2204,2023-12-04,2,125.85,Online
2221,108,2204,2023-07-20,3,188.86,In-Store
2222,116,2204,2023-08-14,1,218.78,Online
2223,118,2204,2023-07-30,1,118.46,Online
2224,117,2205,2023-08-15,1,122.32,Online
2225,108,2205,2024-03-10,3,209.66,In-Store
2226,104,2205,2023-10-25,1,63.43,In-Store
2227,114,2205,2023-09-10,1,56.73,Online
2228,102,2205,2023-09-24,3,29.36,In-Store
2229,107,2205,2024-03-31,3,63.85,Online
2230,106,2205,2024-02-03,2,38.1,Online
2231,118,2205,2024-02-18,3,123.36,In-Store
2232,117,2205,2023-07-13,1,127.79,In-Store
2233,101,2205,2024-04-03,1,27.98,In-Store
2234,111,2205,2023-08-14,2,50.87,In-Store
2235,114,2205,2023-11-24,3,55.53,In-Store
2236,102,2206,2023-11-09,2,28.46,Online
2237,102,2206,2024-03-31,2,25.3,In-Store
2238,102,2206,2023-11-06,2,27.2,Online
2239,101,2206,2024-03-08,3,29.74,Online
2240,106,2206,2023-12-31,1,39.7,In-Store
2241,103,2206,2024-02-16,2,79.07,Online
2242,109,2206,2024-03-17,1,139.55,In-Store
2243,104,2206,2024-03-23,1,62.02,In-Store
2244,117,2206,2023-11-14,3,133.08,Online
2245,108,2206,2023-12-27,1,203.99,In-Store
2246,104,2206,2024-04-21,2,64.76,Online
2247,104,2206,2023-11-24,3,59.2,In-Store
2248,111,2206,2024-03-11,2,44.37,Online
2249,118,2206,2024-05-04,1,127.04,In-Store
2250,106,2206,2023-08-07,2,34.33,In-Store
2251,106,2206,2024-01-18,1,33.67,In-Store
2252,108,2206,2023-08-11,3,215.79,In-Store
2253,104,2206,2024-04-04,1,62.44,Online
2254,107,2206,2023-11-16,1,66.06,Online
2255,111,2206,2023-11-14,2,43.84,Online
2256,117,2206,2023-11-09,1,135.1,Online
2257,115,2206,2023-08-22,1,138.24,In-Store
2258,110,2206,2023-11-26,2,112.18,In-Store
2259,112,2206,2023-11-23,3,31.65,Online
2260,112,2206,2024-02-04,2,32.82,Online
2261,114,2206,2023-07-31,1,52.99,Online
2262,106,2206,2023-12-11,1,34.95,Online
2263,107,2206,2023-10-27,3,68.85,In-Store
2264,114,2206,2024-04-23,3,59.2,In-Store
2265,106,2207,2024-05-02,3,37.47,Online
2266,113,2207,2024-01-02,2,9.79,In-Store
2267,116,2207,2023-12-17,3,248.85,In-Store
2268,117,2207,2023-10-25,3,123.98,Online
2269,109,2207,2024-04-19,3,137.53,Online
2270,114,2207,2023-09-05,3,52.55,Online
2271,103,2207,2023-12-17,3,83.48,Online
2272,110,2207,2023-09-02,3,119.98,Online
2273,112,2207,2023-10-11,2,32.22,Online
2274,112,2207,2024-03-13,3,29.42,Online
2275,106,2207,2023-08-24,1,35.9,In-Store
2276,116,2207,2023-09-19,2,226.77,Online
2277,113,2207,2023-10-13,1,11.24,Online
2278,107,2207,2024-03-21,2,65.38,Online
2279,118,2207,2023-11-20,2,128.81,Online
2280,101,2207,2024-02-04,1,25.42,In-Store
2281,109,2207,2023-11-02,3,143.47,In-Store
2282,106,2207,2023-11-10,1,38.34,Online
2283,104,2208,2024-01-20,1,66.99,Online
2284,108,2208,2024-03-01,3,206.9,Online
2285,105,2208,2024-01-07,2,121.53,In-Store
2286,109,2208,2024-01-30,2,148.53,In-Store
2287,117,2208,2023-12-24,2,136.07,In-Store
2288,113,2208,2023-08-17,1,9.79,In-Store
2289,107,2208,2024-02-27,1,62.63,In-Store
2290,103,2208,2024-05-14,1,90.78,In-Store
2291,106,2208,2023-10-11,2,35.13,In-Store
2292,115,2208,2024-05-03,3,136.11,In-Store
2293,103,2208,2023-11-01,3,88.82,Online
2294,113,2208,2024-04-24,3,11.22,In-Store
2295,114,2209,2024-05-04,3,52.0,In-Store
2296,110,2209,2023-09-16,3,108.5,Online
2297,112,2209,2024-04-10,1,27.91,In-Store
2298,102,2209,2024-02-19,2,29.05,In-Store
2299,109,2209,2024-01-15,3,137.43,Online
2300,118,2209,2023-11-28,1,129.55,In-Store
2301,111,2209,2023-12-23,2,48.2,In-Store
2302,109,2209,2024-03-09,3,133.67,Online
2303,109,2209,2023-10-07,2,134.9,In-Store
2304,113,2209,2023-11-14,1,10.34,In-Store
2305,103,2209,2023-12-15,2,94.57,In-Store
2306,101,2209,2023-10-12,2,27.07,Online
2307,114,2209,2023-11-13,2,56.36,Online
2308,111,2209,2024-01-12,3,51.06,Online
2309,101,2209,2024-02-15,3,29.45,Online
2310,111,2209,2024-03-03,1,44.78,In-Store
2311,103,2209,2023-12-26,2,84.91,In-Store
2312,118,2209,2023-11-23,1,130.35,In-Store
2313,113,2209,2023-12-22,3,10.61,In-Store
2314,105,2209,2024-02-14,1,117.31,Online
2315,107,2209,2024-02-11,2,67.79,In-Store
2316,102,2209,2023-12-21,2,28.65,Online
2317,116,2209,2023-09-08,1,243.27,In-Store
2318,109,2210,2023-12-24,1,153.55,Online
2319,108,2210,2023-06-08,3,203.02,Online
2320,106,2210,2023-07-23,2,38.77,In-Store
2321,107,2211,2024-04-23,3,59.22,Online
2322,104,2211,2024-01-04,1,58.7,In-Store
2323,109,2211,2023-10-15,2,153.83,Online
2324,105,2211,2024-04-02,3,112.29,In-Store
2325,106,2211,2024-03-17,2,35.21,Online
2326,114,2211,2023-08-02,2,54.73,In-Store
2327,109,2211,2024-03-18,3,147.76,In-Store
2328,116,2211,2023-09-30,3,236.1,Online
2329,116,2211,2023-09-20,1,262.3,Online
2330,103,2211,2023-11-09,3,86.34,In-Store
2331,109,2211,2023-12-06,2,140.87,Online
2332,105,2211,2023-10-16,1,107.02,In-Store
2333,112,2212,2024-03-28,2,31.32,In-Store
2334,116,2212,2023-07-30,1,221.35,Online
2335,113,2212,2023-12-02,1,11.59,In-Store
2336,111,2212,2024-05-01,1,49.4,In-Store
2337,102,2212,2023-08-01,2,25.45,Online
2338,115,2212,2023-09-04,1,120.76,In-Store
2339,105,2212,2024-01-21,2,120.89,Online
2340,103,2212,2024-04-25,3,81.12,Online
2341,104,2212,2024-04-25,1,62.93,Online
2342,116,2212,2023-09-28,1,229.02,Online
2343,116,2212,2023-11-17,2,228.55,In-Store
2344,114,2212,2023-09-18,1,51.57,In-Store
2345,109,2212,2024-01-17,3,148.93,Online
2346,113,2213,2023-08-16,1,9.93,In-Store
2347,103,2213,2023-08-26,2,77.99,In-Store
2348,116,2213,2024-04-02,2,218.9,In-Store
2349,112,2213,2024-02-29,2,30.22,In-Store
2350,117,2213,2024-02-27,3,137.95,In-Store
2351,105,2213,2023-09-09,1,108.02,Online
2352,114,2213,2023-08-17,1,52.18,In-Store
2353,116,2213,2023-12-11,3,238.58,In-Store
2354,110,2213,2023-11-12,3,109.15,Online
2355,105,2213,2024-01-24,2,125.92,Online
2356,112,2214,2023-10-30,3,28.78,In-Store
2357,113,2215,2023-11-03,3,11.52,Online
2358,109,2215,2023-12-24,3,148.69,Online
2359,118,2215,2024-04-23,3,138.43,In-Store
2360,115,2215,2024-02-07,2,119.8,Online
2361,118,2215,2023-12-11,1,121.25,Online
2362,108,2215,2024-03-06,3,194.02,Online
2363,109,2215,2024-05-07,1,149.06,Online
2364,102,2215,2024-04-04,2,26.38,Online
2365,113,2215,2024-02-19,1,9.89,In-Store
2366,104,2215,2023-07-30,1,61.28,In-Store
2367,112,2215,2024-05-04,3,28.49,In-Store
2368,105,2215,2023-08-18,2,119.72,In-Store
2369,117,2216,2023-04-29,2,129.54,Online
2370,111,2216,2023-07-29,1,46.3,In-Store
2371,105,2217,2023-10-31,1,113.83,In-Store
2372,102,2218,2023-07-22,3,25.19,Online
2373,109,2218,2024-02-24,1,140.81,Online
2374,104,2218,2023-09-03,1,56.34,Online
2375,114,2218,2024-02-07,3,60.62,Online
2376,110,2218,2024-04-02,2,125.66,In-Store
2377,112,2218,2023-07-18,3,32.98,In-Store
2378,111,2218,2023-09-02,2,43.58,Online
2379,114,2218,2024-02-08,1,57.51,Online
2380,105,2218,2023-12-22,3,120.69,In-Store
2381,115,2218,2023-11-08,1,132.35,Online
2382,106,2218,2023-11-30,3,34.63,Online
2383,106,2218,2023-07-13,1,34.13,In-Store
2384,117,2218,2023-12-19,2,141.51,Online
2385,107,2218,2024-01-13,2,64.04,Online
2386,107,2219,2023-08-16,1,64.59,Online
2387,115,2219,2024-04-15,2,122.64,Online
2388,108,2219,2023-08-10,3,206.42,Online
2389,114,2219,2023-07-29,3,56.2,In-Store
2390,114,2219,2023-09-12,2,60.58,In-Store
2391,114,2219,2024-01-12,2,58.44,Online
2392,105,2219,2023-12-12,3,124.94,Online
2393,111,2219,2023-07-02,2,48.49,Online
2394,101,2219,2023-07-30,2,27.9,In-Store
2395,101,2219,2023-08-22,3,29.55,In-Store
2396,114,2219,2023-12-25,1,55.19,Online
2397,101,2219,2023-07-15,3,26.13,Online
2398,110,2219,2024-01-22,3,113.88,Online
2399,112,2219,2023-12-12,2,29.77,In-Store
2400,101,2220,2023-07-17,1,28.47,Online
2401,101,2220,2023-09-15,3,29.49,In-Store
2402,109,2220,2024-02-10,1,133.41,In-Store
2403,117,2220,2024-03-04,3,137.12,Online
2404,105,2220,2024-04-06,3,113.59,Online
2405,102,2220,2023-08-09,2,28.86,In-Store
2406,110,2220,2024-01-13,2,115.7,Online
2407,118,2220,2024-01-10,1,125.39,In-Store
2408,116,2220,2023-07-12,3,242.79,In-Store
2409,104,2220,2023-12-08,2,67.36,In-Store
2410,112,2220,2024-04-04,1,28.96,In-Store
2411,112,2220,2024-04-24,1,29.78,In-Store
2412,112,2220,2023-08-18,3,29.04,Online
2413,102,2220,2023-12-01,2,27.81,Online
2414,106,2220,2023-09-19,1,38.45,In-Store
2415,103,2220,2023-10-26,1,80.33,In-Store
2416,116,2220,2023-11-04,1,229.88,Online
2417,108,2220,2023-09-14,2,208.74,In-Store
2418,113,2220,2023-10-29,1,11.04,In-Store
2419,108,2221,2023-10-15,2,179.03,Online
2420,117,2221,2023-12-02,3,129.91,In-Store
2421,106,2221,2024-02-14,2,38.2,In-Store
2422,108,2221,2023-10-07,3,178.93,Online
2423,105,2221,2023-07-25,1,117.88,Online
2424,110,2221,2024-01-25,3,111.12,In-Store
2425,109,2221,2024-01-23,2,130.32,Online
2426,113,2221,2023-09-22,1,11.02,In-Store
2427,109,2221,2023-10-28,2,156.95,In-Store
2428,102,2222,2024-01-19,1,25.16,In-Store
2429,113,2222,2023-09-05,1,11.61,In-Store
2430,114,2222,2023-08-03,2,60.67,In-Store
2431,105,2222,2024-04-04,3,121.47,In-Store
2432,103,2222,2024-04-28,2,90.91,In-Store
2433,109,2222,2024-04-22,1,140.83,In-Store
2434,113,2222,2023-12-22,3,10.51,In-Store
2435,118,2222,2023-09-13,3,127.71,Online
2436,118,2223,2024-05-04,2,130.52,Online
2437,107,2223,2024-05-04,3,71.42,In-Store
2438,116,2223,2023-10-05,1,220.85,In-Store
2439,102,2223,2023-12-14,2,24.71,In-Store
2440,107,2223,2024-04-29,1,60.05,In-Store
2441,107,2223,2023-11-16,1,66.72,In-Store
2442,108,2223,2024-01-19,1,209.29,Online
2443,112,2223,2024-05-16,2,29.13,In-Store
2444,110,2223,2023-12-26,3,126.94,Online
2445,102,2223,2023-11-29,1,24.73,Online
2446,107,2223,2024-01-01,2,59.44,Online
2447,109,2223,2024-01-24,2,134.4,Online
2448,118,2223,2023-08-19,2,134.06,In-Store
2449,111,2223,2023-10-12,1,50.99,In-Store
2450,115,2223,2024-03-03,3,139.49,In-Store
2451,112,2224,2023-08-05,1,30.23,In-Store
2452,103,2224,2024-01-29,2,81.51,Online
2453,109,2225,2023-09-01,3,149.29,In-Store
2454,102,2225,2023-05-02,1,25.27,In-Store
2455,106,2225,2023-06-19,3,37.63,In-Store
2456,111,2226,2024-02-12,3,44.11,Online
2457,110,2226,2023-05-27,3,112.87,Online
2458,103,2227,2023-07-27,1,90.33,Online
2459,111,2227,2024-02-14,3,49.42,In-Store
2460,111,2227,2023-10-27,2,47.95,Online
2461,106,2227,2024-01-08,1,36.85,Online
2462,113,2227,2024-03-15,2,10.83,Online
2463,113,2227,2024-02-05,3,10.78,In-Store
2464,115,2227,2024-05-03,3,133.35,In-Store
2465,112,2227,2024-04-16,2,27.78,In-Store
2466,111,2227,2023-11-14,1,51.03,In-Store
2467,101,2227,2023-11-01,3,29.11,In-Store
2468,103,2227,2024-01-17,3,93.37,Online
2469,106,2228,2023-03-22,2,38.15,In-Store
2470,112,2229,2024-03-10,2,29.53,Online
2471,111,2229,2024-03-15,2,45.74,Online
2472,112,2229,2023-09-23,2,27.81,In-Store
2473,106,2229,2023-10-14,1,33.7,In-Store
2474,101,2229,2024-02-20,2,29.48,In-Store
2475,101,2229,2023-10-02,2,29.19,In-Store
2476,116,2229,2024-05-17,3,230.76,In-Store
2477,104,2229,2024-02-29,1,67.79,Online
2478,111,2229,2023-10-16,1,50.68,Online
2479,110,2229,2024-01-10,2,129.15,Online
2480,115,2229,2023-07-27,1,139.53,In-Store
2481,104,2229,2023-08-02,2,64.97,In-Store
2482,101,2229,2023-09-14,2,29.1,In-Store
2483,101,2230,2023-09-24,1,26.88,Online
2484,118,2230,2024-04-10,2,124.34,Online
2485,113,2230,2024-01-07,1,9.61,Online
2486,110,2230,2024-02-29,3,109.83,Online
2487,117,2230,2024-03-15,2,126.21,In-Store
2488,115,2230,2023-11-24,2,122.67,In-Store
2489,114,2230,2024-02-15,3,59.4,In-Store
2490,112,2230,2023-08-12,2,31.02,Online
2491,115,2230,2023-10-06,1,128.95,Online
2492,104,2230,2023-09-21,2,56.81,Online
2493,108,2230,2023-07-07,2,206.72,Online
2494,103,2230,2024-02-28,2,93.47,In-Store
2495,113,2230,2023-11-02,2,11.31,Online
2496,103,2231,2024-01-04,2,86.18,In-Store
2497,108,2231,2023-12-31,3,208.66,In-Store
2498,106,2231,2024-03-06,3,38.08,In-Store
2499,105,2231,2023-11-21,3,116.92,In-Store
2500,108,2231,2024-03-19,3,197.38,In-Store
2501,103,2231,2024-01-07,3,89.37,Online
2502,113,2231,2024-02-08,3,10.55,In-Store
2503,109,2231,2024-04-19,3,141.94,Online
2504,105,2231,2024-02-11,3,106.24,Online
2505,117,2231,2023-07-31,3,122.44,In-Store
2506,118,2231,2023-11-08,2,124.86,In-Store
2507,108,2231,2024-04-13,2,178.46,Online
2508,118,2231,2023-10-29,2,124.66,In-Store
2509,114,2232,2023-08-03,2,53.96,Online
2510,110,2232,2024-04-10,2,116.11,Online
2511,117,2232,2024-01-13,3,122.46,In-Store
2512,107,2232,2023-11-16,2,63.48,Online
2513,110,2232,2024-04-28,1,107.79,In-Store
2514,117,2232,2023-11-15,1,134.4,Online
2515,118,2232,2024-01-24,3,130.88,In-Store
2516,105,2232,2023-08-23,3,125.72,In-Store
2517,109,2232,2023-09-12,3,136.22,Online
2518,112,2232,2023-07-28,3,32.79,In-Store
2519,101,2232,2024-05-05,2,26.9,In-Store
2520,102,2233,2023-09-06,3,26.2,Online
2521,114,2233,2024-01-30,2,58.44,In-Store
2522,102,2233,2024-03-19,3,24.56,Online
2523,117,2233,2023-12-03,1,120.57,In-Store
2524,104,2233,2023-09-20,2,61.66,Online
2525,116,2233,2023-08-08,3,236.78,In-Store
2526,107,2233,2023-10-16,1,62.86,In-Store
2527,118,2233,2023-12-03,1,142.0,In-Store
2528,117,2233,2023-12-15,1,140.77,In-Store
2529,116,2234,2023-12-13,3,219.18,Online
2530,105,2234,2024-04-19,3,111.02,Online
2531,116,2234,2023-12-12,3,263.0,Online
2532,101,2234,2024-05-07,2,28.57,Online
2533,112,2234,2023-09-18,1,29.05,Online
2534,106,2234,2023-08-12,3,34.99,Online
2535,103,2234,2023-08-28,2,81.92,In-Store
2536,113,2234,2024-02-07,2,10.82,Online
2537,113,2234,2024-02-18,2,10.56,In-Store
2538,113,2234,2023-12-20,3,10.31,Online
2539,118,2234,2024-02-08,1,140.68,Online
2540,115,2235,2023-10-28,3,134.23,Online
2541,116,2235,2023-04-25,1,224.52,Online
2542,103,2236,2024-04-02,1,90.75,Online
2543,117,2236,2024-01-07,3,137.84,In-Store
2544,109,2236,2024-01-21,2,143.41,Online
2545,118,2236,2023-10-04,1,142.38,Online
2546,114,2236,2023-11-24,3,55.18,In-Store
2547,115,2236,2023-12-22,3,128.02,Online
2548,104,2236,2023-11-20,1,68.08,Online
2549,118,2236,2024-05-01,1,127.65,Online
2550,103,2236,2023-07-30,2,80.94,In-Store
2551,116,2236,2024-01-06,3,245.6,In-Store
2552,111,2237,2023-10-25,1,47.73,Online
2553,106,2237,2023-06-15,1,38.88,Online
2554,112,2237,2023-10-28,2,32.8,In-Store
2555,101,2238,2023-11-04,2,27.23,Online
2556,110,2238,2023-12-09,2,115.8,In-Store
2557,113,2238,2024-01-15,2,10.66,In-Store
2558,111,2238,2023-11-22,3,44.17,Online
2559,110,2238,2023-11-03,2,125.17,In-Store
2560,109,2238,2024-01-17,3,150.16,Online
2561,111,2238,2024-01-18,2,47.17,In-Store
2562,107,2238,2023-09-07,3,59.71,In-Store
2563,117,2238,2023-12-06,1,140.94,In-Store
2564,115,2238,2023-08-16,2,124.74,Online
2565,115,2238,2024-05-03,1,121.31,In-Store
2566,102,2238,2023-11-24,1,25.95,Online
2567,103,2238,2023-12-21,2,90.61,Online
2568,117,2238,2024-04-09,3,132.11,Online
2569,110,2238,2023-12-26,2,117.17,In-Store
2570,110,2238,2023-10-07,2,114.46,Online
2571,106,2238,2024-01-23,2,34.11,Online
2572,109,2238,2024-02-16,2,151.59,In-Store
2573,102,2239,2023-07-22,2,27.4,Online
2574,106,2239,2023-08-25,2,35.67,In-Store
2575,103,2239,2024-01-26,1,94.71,Online
2576,102,2239,2024-03-21,3,27.17,In-Store
2577,101,2239,2024-02-02,1,28.03,Online
2578,110,2239,2023-11-05,2,115.26,Online
2579,107,2239,2023-12-31,3,71.97,In-Store
2580,117,2239,2023-11-06,2,123.44,In-Store
2581,111,2239,2023-11-16,2,45.03,Online
2582,115,2239,2024-01-16,2,138.07,In-Store
2583,105,2240,2024-02-19,2,109.93,In-Store
2584,108,2241,2023-07-14,1,197.8,Online
2585,111,2241,2024-03-10,2,50.53,In-Store
2586,109,2241,2024-01-19,3,147.7,In-Store
2587,109,2241,2024-04-23,1,153.01,In-Store
2588,113,2241,2024-03-08,1,9.72,In-Store
2589,104,2241,2023-09-10,1,62.07,In-Store
2590,116,2241,2023-09-14,2,251.39,In-Store
2591,118,2241,2023-10-06,2,126.19,In-Store
2592,112,2241,2023-08-27,2,32.86,Online
2593,111,2241,2023-12-29,3,48.39,In-Store
2594,106,2242,2023-11-03,1,35.73,In-Store
2595,114,2242,2023-07-23,3,55.55,In-Store
2596,106,2242,2023-11-29,3,32.69,In-Store
2597,104,2242,2024-03-18,2,57.67,In-Store
2598,106,2242,2023-09-07,1,32.82,In-Store
2599,108,2242,2023-07-11,3,187.59,In-Store
2600,111,2242,2023-11-05,2,44.09,In-Store
2601,117,2242,2024-03-25,3,119.39,In-Store
2602,110,2242,2023-10-19,3,112.8,In-Store
2603,112,2242,2023-09-03,1,27.11,In-Store
2604,114,2242,2024-01-27,1,51.15,In-Store
2605,116,2242,2023-09-04,2,232.17,In-Store
2606,114,2242,2023-06-20,2,55.01,Online
2607,108,2242,2023-06-23,3,214.95,Online
2608,113,2242,2023-12-26,2,10.0,Online
2609,106,2242,2023-09-21,1,34.29,In-Store
2610,111,2242,2024-03-23,3,46.88,In-Store
2611,116,2242,2023-09-14,3,238.99,In-Store
2612,103,2243,2023-08-27,2,94.4,Online
2613,112,2243,2023-12-28,2,28.37,Online
2614,106,2243,2024-03-11,3,34.74,Online
2615,116,2243,2023-07-08,1,250.02,Online
2616,108,2243,2024-01-26,3,208.74,Online
2617,111,2243,2024-02-26,3,47.9,Online
2618,108,2243,2023-11-30,2,193.47,In-Store
2619,116,2243,2024-04-12,1,257.68,Online
2620,101,2243,2023-11-12,3,28.69,In-Store
2621,108,2243,2024-01-25,3,204.58,In-Store
2622,105,2243,2023-10-01,2,107.56,In-Store
2623,101,2243,2023-09-27,3,28.77,Online
2624,107,2243,2023-12-07,1,62.77,In-Store
2625,107,2243,2024-04-06,1,64.55,In-Store
2626,109,2243,2023-12-30,1,150.09,Online
2627,113,2243,2023-11-26,2,11.15,In-Store
2628,104,2244,2023-11-01,3,66.55,Online
2629,103,2244,2023-05-06,2,79.38,In-Store
2630,114,2244,2024-01-26,1,53.61,Online
2631,113,2245,2024-01-22,1,10.9,In-Store
2632,104,2245,2024-04-06,2,66.77,Online
2633,113,2245,2024-04-04,1,11.45,In-Store
2634,108,2245,2023-09-16,1,207.55,In-Store
2635,115,2245,2024-02-24,2,123.29,Online
2636,115,2245,2023-10-15,3,119.93,In-Store
2637,118,2245,2023-11-06,1,135.0,Online
2638,102,2245,2023-12-16,3,25.52,In-Store
2639,102,2245,2024-04-21,1,26.16,Online
2640,111,2245,2023-10-13,2,49.77,In-Store
2641,117,2245,2023-12-20,3,128.37,In-Store
2642,116,2245,2023-12-19,2,227.12,In-Store
2643,111,2245,2023-10-09,1,47.12,Online
2644,101,2245,2024-05-04,2,25.17,In-Store
2645,103,2245,2024-05-14,2,88.26,Online
2646,112,2246,2023-10-27,1,29.25,In-Store
2647,115,2246,2023-07-19,3,121.13,Online
2648,104,2246,2023-10-01,1,66.33,In-Store
2649,109,2246,2024-03-04,3,135.46,Online
2650,112,2246,2024-01-26,3,29.29,Online
2651,116,2246,2023-08-10,2,225.51,Online
2652,113,2246,2024-04-13,3,9.56,Online
2653,108,2246,2023-09-05,2,180.95,In-Store
2654,106,2246,2024-02-23,3,33.93,In-Store
2655,110,2246,2023-12-21,1,108.3,In-Store
2656,105,2246,2023-10-01,1,126.26,In-Store
2657,112,2246,2024-03-26,2,32.23,Online
2658,102,2246,2024-01-03,1,26.53,Online
2659,112,2246,2024-01-31,2,32.11,In-Store
2660,116,2247,2023-09-02,3,217.53,In-Store
2661,109,2247,2023-11-13,2,140.98,Online
2662,111,2247,2023-11-26,2,43.88,Online
2663,101,2248,2024-04-14,3,25.97,Online
2664,112,2248,2023-11-24,1,30.84,In-Store
2665,110,2248,2023-08-22,3,129.41,In-Store
2666,113,2248,2023-08-25,3,9.92,In-Store
2667,112,2248,2023-12-23,3,29.34,Online
2668,116,2248,2024-01-24,1,250.25,In-Store
2669,106,2248,2024-01-25,3,39.47,Online
2670,114,2248,2023-09-13,1,61.01,Online
2671,103,2248,2023-10-02,2,93.07,Online
2672,118,2248,2023-09-06,3,124.67,Online
2673,101,2248,2024-02-20,1,28.94,In-Store
2674,107,2248,2024-05-20,1,64.36,In-Store
2675,115,2248,2024-01-09,2,123.5,Online
2676,102,2248,2024-02-22,1,27.07,Online
2677,112,2249,2024-02-09,3,32.77,Online
2678,109,2249,2024-03-23,1,146.98,In-Store
2679,112,2249,2024-02-15,2,31.67,Online
2680,103,2249,2023-10-28,1,88.47,Online
2681,111,2249,2023-09-10,3,42.68,Online
2682,114,2249,2024-03-25,3,57.24,Online
2683,110,2249,2023-09-13,3,121.9,Online
2684,112,2249,2023-07-25,1,32.92,In-Store
2685,112,2249,2024-03-12,2,31.64,In-Store
2686,109,2249,2024-01-09,2,134.02,Online
2687,102,2249,2024-03-03,1,27.6,In-Store
2688,118,2250,2023-07-24,3,125.28,Online
2689,108,2250,2023-12-13,3,191.67,In-Store
2690,108,2250,2023-09-21,2,183.03,Online
2691,105,2250,2024-05-14,2,123.04,Online
2692,111,2250,2024-01-30,3,47.82,Online
2693,104,2250,2023-09-18,1,64.53,In-Store
2694,117,2250,2024-03-19,2,144.14,Online
2695,103,2250,2023-11-20,1,84.31,In-Store
2696,108,2250,2023-12-04,1,196.03,In-Store
2697,104,2250,2024-04-11,3,60.11,In-Store
2698,117,2250,2024-03-26,3,121.71,Online
2699,117,2250,2024-03-31,3,124.94,Online
2700,102,2250,2023-09-01,2,24.74,Online
2701,113,2250,2024-02-14,3,10.87,In-Store
2702,105,2250,2024-02-15,2,111.66,In-Store
2703,112,2250,2023-08-22,3,28.29,Online
2704,101,2251,2023-09-10,3,26.41,In-Store
2705,111,2252,2023-07-02,1,45.38,In-Store
2706,114,2252,2023-11-09,3,60.61,In-Store
2707,118,2253,2024-05-04,2,123.26,In-Store
2708,112,2253,2024-03-12,3,28.02,Online
2709,105,2253,2024-03-15,2,124.21,Online
2710,111,2253,2023-08-14,3,44.13,Online
2711,106,2253,2024-02-26,1,34.91,Online
2712,115,2253,2024-02-04,3,127.38,Online
2713,114,2253,2023-11-16,3,57.25,In-Store
2714,113,2253,2023-10-10,1,9.68,In-Store
2715,108,2253,2023-08-13,3,207.27,Online
2716,107,2253,2023-08-17,1,68.99,In-Store
2717,114,2253,2024-01-21,1,50.45,In-Store
2718,102,2253,2023-12-11,3,27.81,In-Store
2719,113,2253,2024-02-07,1,10.15,Online
2720,110,2253,2024-04-20,3,112.57,Online
2721,101,2253,2023-09-18,3,28.29,In-Store
2722,101,2253,2023-11-17,1,26.01,In-Store
2723,105,2254,2023-05-19,1,121.59,In-Store
2724,118,2255,2023-07-21,3,134.44,In-Store
2725,101,2255,2023-08-25,3,26.93,In-Store
2726,110,2255,2024-02-05,2,109.7,Online
2727,107,2256,2024-03-14,1,71.57,Online
2728,108,2256,2024-03-27,1,217.55,Online
2729,115,2256,2023-10-08,2,141.81,In-Store
2730,114,2256,2024-03-10,3,61.19,Online
2731,107,2256,2024-02-19,1,66.66,In-Store
2732,114,2256,2023-11-09,3,50.62,Online
2733,112,2256,2024-01-13,2,31.91,In-Store
2734,114,2256,2023-07-22,2,58.15,In-Store
2735,113,2256,2023-11-18,2,11.38,In-Store
2736,109,2256,2023-06-29,3,136.81,In-Store
2737,103,2256,2024-01-12,1,92.54,Online
2738,114,2257,2024-04-27,1,50.76,Online
2739,102,2257,2024-05-07,1,25.64,Online
2740,112,2257,2023-10-10,2,30.07,In-Store
2741,118,2257,2023-12-08,2,137.08,Online
2742,112,2257,2023-09-02,2,32.35,Online
2743,101,2257,2023-09-15,1,26.03,Online
2744,110,2257,2024-02-19,1,118.45,Online
2745,104,2257,2024-03-22,3,64.27,Online
2746,116,2257,2023-09-19,3,257.11,In-Store
2747,116,2257,2023-08-12,2,253.11,In-Store
2748,110,2257,2023-12-26,1,124.87,In-Store
2749,104,2257,2023-11-06,3,58.98,In-Store
2750,117,2257,2023-09-18,2,136.61,In-Store
2751,118,2257,2023-07-19,1,119.56,In-Store
2752,102,2257,2023-10-17,1,28.81,Online
2753,102,2257,2024-05-01,1,29.45,Online
2754,109,2257,2023-12-18,2,144.42,Online
2755,107,2258,2023-09-02,2,64.22,In-Store
2756,106,2258,2023-07-24,3,38.99,Online
2757,107,2258,2024-05-02,1,60.58,In-Store
2758,108,2258,2023-10-10,3,208.47,In-Store
2759,106,2258,2024-01-20,1,37.65,In-Store
2760,106,2258,2023-12-11,3,36.79,Online
2761,116,2258,2024-02-26,2,263.48,In-Store
2762,104,2258,2023-07-21,3,60.1,In-Store
2763,115,2258,2023-12-13,2,127.68,Online
2764,118,2258,2024-04-09,1,129.93,Online
2765,116,2259,2023-11-23,2,255.39,Online
2766,101,2259,2024-02-22,3,29.18,In-Store
2767,111,2259,2023-12-19,1,47.65,Online
2768,110,2259,2024-03-21,1,125.13,In-Store
2769,116,2259,2023-10-11,2,234.83,In-Store
2770,113,2259,2024-03-05,2,10.02,Online
2771,112,2259,2023-10-16,1,30.83,In-Store
2772,106,2259,2023-12-07,2,39.63,In-Store
2773,108,2259,2023-09-24,2,201.34,In-Store
2774,114,2259,2024-05-10,2,54.51,Online
2775,103,2259,2024-01-23,1,82.73,Online
2776,110,2259,2023-11-10,3,128.24,Online
2777,111,2259,2023-08-08,2,50.02,Online
2778,113,2260,2023-12-20,2,10.21,In-Store
2779,106,2260,2024-02-07,1,36.83,In-Store
2780,112,2260,2024-05-01,1,29.74,Online
2781,109,2260,2023-09-16,2,128.67,In-Store
2782,102,2260,2023-11-03,2,28.58,In-Store
2783,101,2260,2023-11-28,3,24.82,Online
2784,113,2260,2024-01-25,2,11.23,Online
2785,118,2260,2024-03-16,2,131.03,Online
2786,104,2260,2024-04-19,3,65.69,In-Store
2787,110,2260,2023-11-23,2,125.62,Online
2788,107,2260,2024-05-12,2,71.17,Online
2789,103,2260,2024-03-04,3,82.77,Online
2790,117,2260,2024-02-16,1,130.18,In-Store
2791,110,2260,2024-01-07,2,110.92,In-Store
2792,108,2260,2024-01-15,2,202.06,In-Store
2793,118,2260,2023-10-21,1,133.6,Online
2794,114,2260,2023-10-18,3,51.43,Online
2795,109,2260,2024-05-28,3,131.43,Online
2796,116,2260,2023-08-13,2,242.27,In-Store
2797,107,2261,2023-12-04,1,69.26,Online
2798,116,2261,2023-12-25,1,228.74,In-Store
2799,105,2261,2024-02-16,3,126.25,In-Store
2800,113,2261,2023-11-24,2,9.86,In-Store
2801,112,2261,2023-12-29,2,27.33,In-Store
2802,109,2261,2023-09-18,2,130.74,In-Store
2803,102,2261,2024-02-12,2,29.56,In-Store
2804,115,2261,2024-03-27,3,135.98,Online
2805,112,2261,2023-12-22,1,27.47,Online
2806,110,2261,2023-10-11,3,125.06,In-Store
2807,117,2261,2024-01-31,3,125.11,In-Store
2808,108,2261,2024-01-29,1,194.82,In-Store
2809,116,2261,2023-09-07,2,223.47,In-Store
2810,111,2261,2023-09-04,3,45.08,In-Store
2811,118,2262,2024-01-27,1,121.82,In-Store
2812,104,2262,2023-11-26,3,66.93,Online
2813,115,2262,2023-10-13,2,137.05,Online
2814,105,2262,2023-12-02,3,122.01,In-Store
2815,102,2262,2023-10-14,1,29.26,Online
2816,110,2262,2023-07-27,1,114.62,Online
2817,117,2262,2023-10-02,3,133.45,In-Store
2818,112,2262,2024-01-20,3,30.63,In-Store
2819,107,2262,2023-11-09,1,65.48,Online
2820,103,2262,2024-03-01,3,89.07,In-Store
2821,110,2262,2023-09-06,3,126.39,In-Store
2822,101,2262,2024-02-23,1,24.99,In-Store
2823,110,2262,2023-11-25,1,113.12,In-Store
2824,108,2262,2023-12-01,3,198.06,In-Store
2825,108,2262,2024-02-05,2,203.37,In-Store
2826,103,2262,2023-09-07,2,93.08,Online
2827,104,2262,2024-02-02,3,63.39,In-Store
2828,104,2262,2023-09-03,1,57.94,Online
2829,117,2263,2024-01-23,2,126.86,Online
2830,110,2263,2024-02-01,1,110.56,Online
2831,110,2263,2024-01-02,2,108.22,Online
2832,104,2263,2024-03-25,2,62.37,Online
2833,113,2263,2023-11-07,3,10.26,In-Store
2834,103,2263,2024-01-17,3,93.23,Online
2835,112,2263,2024-01-26,2,27.88,In-Store
2836,116,2263,2023-08-21,1,238.63,In-Store
2837,107,2263,2023-08-18,3,59.61,In-Store
2838,109,2263,2024-05-27,1,140.16,Online
2839,102,2263,2023-11-07,1,25.95,In-Store
2840,111,2263,2024-01-31,3,47.22,In-Store
2841,109,2263,2024-02-09,1,137.22,In-Store
2842,114,2263,2024-02-23,3,54.7,Online
2843,111,2263,2023-09-04,1,43.65,In-Store
2844,104,2263,2024-04-10,3,62.04,Online
2845,118,2263,2024-04-27,1,120.89,In-Store
2846,117,2263,2024-04-23,2,141.04,Online
2847,101,2263,2024-03-20,3,29.07,In-Store
2848,117,2263,2023-08-06,3,140.36,In-Store
2849,107,2263,2024-03-06,3,63.24,In-Store
2850,106,2263,2024-01-02,1,38.33,In-Store
2851,114,2263,2023-11-13,2,58.09,Online
2852,103,2263,2023-09-19,3,92.55,Online
2853,105,2264,2024-03-26,3,115.63,In-Store
2854,107,2264,2024-05-07,2,71.69,Online
2855,112,2264,2023-10-12,2,27.74,In-Store
2856,112,2264,2024-04-01,1,27.34,In-Store
2857,103,2264,2023-08-13,1,86.08,In-Store
2858,115,2264,2023-09-20,3,136.48,In-Store
2859,116,2264,2023-10-13,2,225.52,Online
2860,107,2264,2023-07-20,1,65.83,Online
2861,113,2264,2023-10-12,3,9.66,Online
2862,102,2264,2023-09-01,3,25.83,In-Store
2863,106,2264,2024-01-19,1,37.75,Online
2864,103,2265,2024-02-07,2,83.57,In-Store
2865,117,2265,2023-09-16,3,130.09,In-Store
2866,112,2265,2023-08-30,2,30.52,In-Store
2867,104,2265,2024-02-25,2,62.52,Online
2868,108,2265,2024-03-15,3,191.36,Online
2869,118,2265,2024-03-08,3,119.3,Online
2870,115,2265,2024-05-18,2,123.82,In-Store
2871,113,2265,2023-10-20,1,9.6,In-Store
2872,101,2265,2023-12-30,2,26.69,Online
2873,112,2265,2023-12-24,1,32.52,Online
2874,106,2266,2023-12-02,1,34.92,In-Store
2875,101,2266,2023-09-09,3,29.08,In-Store
2876,113,2266,2023-07-18,1,10.24,Online
2877,113,2266,2023-12-11,3,9.95,In-Store
2878,105,2266,2024-01-25,2,115.0,In-Store
2879,105,2266,2024-01-25,1,111.05,In-Store
2880,103,2266,2024-03-04,1,80.36,Online
2881,108,2266,2023-10-23,2,208.38,Online
2882,105,2266,2023-08-16,3,117.84,Online
2883,106,2266,2023-11-17,1,39.22,Online
2884,118,2266,2023-08-13,1,140.98,Online
2885,106,2266,2024-01-22,1,33.1,Online
2886,107,2266,2023-08-07,3,59.97,In-Store
2887,101,2267,2024-01-02,2,24.96,In-Store
2888,115,2267,2023-09-26,1,128.32,Online
2889,112,2267,2024-02-24,1,28.24,Online
2890,118,2267,2024-04-02,3,137.35,In-Store
2891,108,2267,2023-09-21,2,209.53,Online
2892,104,2267,2023-09-28,3,57.79,Online
2893,117,2267,2024-01-25,3,125.25,In-Store
2894,115,2267,2023-11-11,2,135.99,In-Store
2895,116,2267,2024-03-19,3,226.47,Online
2896,112,2267,2024-01-25,3,30.77,Online
2897,116,2267,2023-12-05,3,233.52,In-Store
2898,108,2268,2023-11-29,3,215.18,Online
2899,118,2268,2024-05-07,2,138.2,In-Store
2900,101,2268,2024-02-27,3,28.26,Online
2901,113,2268,2024-05-26,3,11.02,In-Store
2902,106,2268,2024-03-22,3,38.22,In-Store
2903,102,2268,2023-09-20,1,28.92,In-Store
2904,113,2268,2024-05-05,2,10.89,Online
2905,102,2268,2024-05-15,2,27.07,Online
2906,112,2268,2024-02-04,1,27.35,In-Store
2907,104,2268,2023-08-02,1,62.37,Online
2908,116,2268,2023-09-26,3,255.51,In-Store
2909,109,2269,2023-04-22,2,150.2,In-Store
2910,116,2270,2023-09-26,2,249.14,Online
2911,103,2270,2023-05-12,3,85.86,Online
2912,116,2270,2023-06-19,2,230.8,In-Store
2913,116,2271,2024-03-29,2,220.32,Online
2914,103,2271,2024-03-19,1,94.37,Online
2915,112,2271,2023-07-13,3,29.54,In-Store
2916,110,2271,2023-11-18,2,123.52,In-Store
2917,108,2271,2024-03-26,2,178.48,Online
2918,101,2271,2023-12-16,1,24.8,Online
2919,114,2271,2023-07-18,2,54.68,In-Store
2920,115,2271,2023-10-24,3,124.56,In-Store
2921,117,2271,2023-09-17,2,122.67,Online
2922,107,2271,2023-11-08,2,65.91,In-Store
2923,103,2271,2023-07-08,2,91.41,Online
2924,106,2271,2024-03-21,1,37.71,Online
2925,103,2271,2023-12-23,2,87.02,Online
2926,114,2271,2023-12-17,1,57.17,Online
2927,102,2271,2023-09-09,1,29.38,Online
2928,112,2271,2024-02-03,2,32.97,Online
2929,110,2272,2023-09-28,1,129.68,In-Store
2930,111,2272,2023-07-04,3,49.47,Online
2931,117,2272,2024-04-17,2,137.05,In-Store
2932,114,2272,2023-10-11,1,57.84,Online
2933,101,2272,2023-10-15,1,25.86,In-Store
2934,111,2272,2023-12-19,1,48.1,Online
2935,118,2272,2024-01-01,1,121.45,In-Store
2936,101,2272,2024-02-10,1,26.63,In-Store
2937,109,2272,2024-03-20,3,156.77,Online
2938,107,2272,2023-10-17,3,62.32,In-Store
2939,118,2272,2023-10-05,3,138.49,Online
2940,118,2272,2023-08-10,2,116.74,Online
2941,102,2272,2024-01-24,1,27.79,Online
2942,101,2272,2023-10-31,2,29.68,In-Store
2943,103,2272,2024-01-16,3,89.67,Online
2944,106,2273,2024-04-26,2,35.38,In-Store
2945,103,2273,2023-09-29,2,92.74,Online
2946,111,2273,2024-04-17,1,43.81,In-Store
2947,117,2273,2023-09-19,3,143.31,In-Store
2948,111,2273,2023-07-29,1,48.07,Online
2949,105,2273,2024-05-10,2,121.45,Online
2950,108,2273,2023-09-23,2,190.41,Online
2951,111,2273,2023-12-14,1,50.67,Online
2952,111,2273,2023-09-19,2,46.3,In-Store
2953,115,2273,2024-01-12,1,118.76,In-Store
2954,116,2273,2023-12-10,1,234.06,In-Store
2955,103,2273,2024-02-11,2,86.93,In-Store
2956,104,2273,2023-12-06,1,62.12,Online
2957,115,2273,2024-04-12,2,138.06,Online
2958,103,2273,2024-05-06,1,79.55,In-Store
2959,118,2274,2023-09-05,3,142.38,Online
2960,117,2274,2023-07-25,3,138.95,Online
2961,105,2274,2023-09-26,3,129.21,Online
2962,108,2274,2023-07-09,3,189.78,Online
2963,112,2274,2023-09-12,3,31.32,In-Store
2964,110,2274,2023-08-31,1,127.16,In-Store
2965,109,2274,2024-01-24,2,128.92,Online
2966,118,2274,2023-08-29,1,141.02,In-Store
2967,114,2274,2023-06-23,1,55.92,In-Store
2968,106,2274,2023-08-11,3,34.96,Online
2969,103,2274,2024-03-15,2,80.56,In-Store
2970,103,2274,2023-06-28,3,87.41,Online
2971,114,2274,2023-08-11,2,54.8,In-Store
2972,107,2274,2023-09-25,1,61.4,Online
2973,117,2274,2023-11-03,2,133.84,In-Store
2974,105,2274,2024-03-26,2,106.73,In-Store
2975,116,2274,2023-09-08,3,254.46,In-Store
2976,113,2274,2023-08-27,3,10.35,Online
2977,112,2274,2023-12-13,2,27.24,In-Store
2978,101,2275,2023-11-27,1,26.72,In-Store
2979,106,2275,2023-11-19,3,39.66,In-Store
2980,107,2275,2024-02-02,1,59.91,Online
2981,109,2275,2024-01-19,2,146.41,In-Store
2982,113,2275,2023-12-21,1,9.56,Online
2983,109,2275,2024-05-15,1,156.58,Online
2984,109,2275,2023-10-27,2,133.83,Online
2985,117,2275,2023-10-24,2,132.15,In-Store
2986,106,2275,2024-04-03,2,35.71,In-Store
2987,109,2276,2023-10-31,3,146.67,In-Store
2988,104,2276,2024-02-29,1,66.63,Online
2989,115,2276,2023-10-13,3,133.36,In-Store
2990,104,2276,2023-07-31,2,66.72,Online
2991,112,2276,2024-02-02,2,30.11,Online
2992,109,2276,2024-02-24,2,146.18,In-Store
2993,105,2276,2024-01-03,2,113.47,Online
2994,106,2276,2023-09-17,1,33.84,In-Store
2995,110,2276,2023-10-11,3,118.09,In-Store
2996,113,2276,2023-09-22,2,11.48,Online
2997,102,2277,2023-09-04,2,24.99,In-Store
2998,115,2277,2024-01-18,1,118.92,In-Store
2999,102,2277,2023-12-28,3,27.85,In-Store
3000,106,2277,2024-03-29,2,34.9,In-Store
3001,110,2277,2024-01-22,1,128.88,In-Store
3002,109,2277,2023-09-01,2,148.33,Online
3003,111,2277,2023-11-16,2,51.68,Online
3004,114,2277,2023-09-25,2,51.34,In-Store
3005,101,2277,2023-10-20,1,26.18,In-Store
3006,101,2277,2023-11-24,2,27.22,Online
3007,114,2277,2023-12-11,1,55.96,In-Store
3008,115,2277,2023-12-12,3,120.35,Online
3009,114,2277,2023-09-11,3,53.6,In-Store
3010,117,2277,2023-07-22,3,124.38,Online
3011,102,2277,2024-03-09,1,29.21,In-Store
3012,114,2277,2023-10-02,2,60.68,Online
3013,116,2278,2024-03-08,2,255.22,Online
3014,118,2278,2024-01-19,1,134.63,Online
3015,108,2278,2024-04-30,2,193.99,In-Store
3016,116,2278,2023-11-30,2,260.19,Online
3017,116,2278,2024-01-17,2,254.71,Online
3018,104,2278,2024-02-12,1,58.91,In-Store
3019,112,2278,2024-01-14,2,31.34,In-Store
3020,113,2278,2024-03-28,1,10.4,In-Store
3021,118,2278,2024-03-04,1,139.51,Online
3022,117,2278,2024-01-12,1,134.3,In-Store
3023,115,2278,2023-10-09,1,141.09,In-Store
3024,105,2278,2023-12-10,1,127.48,In-Store
3025,111,2278,2023-09-17,1,51.34,Online
3026,117,2279,2023-10-04,1,137.61,In-Store
3027,104,2279,2023-08-10,2,64.5,Online
3028,114,2279,2024-03-03,2,54.94,In-Store
3029,118,2279,2023-09-26,3,134.83,In-Store
3030,103,2279,2023-08-31,2,93.07,Online
3031,106,2279,2024-04-05,1,37.27,Online
3032,105,2279,2024-02-16,2,112.54,In-Store
3033,107,2279,2024-03-14,3,64.68,In-Store
3034,107,2279,2024-04-15,2,64.24,In-Store
3035,109,2279,2024-04-27,2,147.38,Online
3036,106,2279,2023-09-13,1,35.32,Online
3037,113,2280,2023-08-30,1,11.02,Online
3038,102,2280,2024-02-12,2,26.88,Online
3039,108,2280,2023-12-07,1,181.79,In-Store
3040,105,2280,2024-01-11,2,123.79,Online
3041,109,2280,2024-02-27,3,151.96,Online
3042,111,2280,2024-01-28,3,47.75,In-Store
3043,115,2280,2023-12-31,1,134.61,Online
3044,101,2280,2023-07-06,3,24.83,In-Store
3045,103,2280,2024-04-04,1,91.2,Online
3046,103,2280,2024-03-25,3,81.78,Online
3047,102,2281,2023-10-22,1,27.52,Online
3048,103,2281,2024-03-23,2,86.32,In-Store
3049,105,2281,2023-08-01,2,113.7,In-Store
3050,113,2281,2024-03-01,2,9.99,Online
3051,114,2281,2024-04-10,1,60.06,Online
3052,111,2281,2023-10-08,1,50.22,In-Store
3053,108,2281,2023-10-25,2,185.89,Online
3054,110,2281,2023-08-09,1,115.72,Online
3055,104,2281,2023-11-15,2,58.35,In-Store
3056,114,2281,2023-12-26,2,50.78,In-Store
3057,118,2282,2023-12-04,1,129.19,In-Store
3058,112,2282,2023-08-13,1,32.12,Online
3059,116,2282,2023-09-10,3,262.5,Online
3060,114,2283,2023-10-12,1,57.85,In-Store
3061,109,2284,2023-11-11,3,146.43,In-Store
3062,101,2284,2023-09-15,2,27.38,In-Store
3063,102,2284,2024-03-01,3,29.18,In-Store
3064,107,2284,2023-12-15,3,61.57,Online
3065,118,2284,2024-05-03,2,124.39,Online
3066,112,2284,2023-08-07,3,27.39,In-Store
3067,104,2284,2024-03-19,1,58.4,In-Store
3068,107,2284,2024-01-18,2,67.49,Online
3069,117,2284,2023-10-03,1,129.98,Online
3070,104,2284,2024-02-19,2,59.24,Online
3071,118,2284,2024-02-16,1,119.12,Online
3072,114,2284,2024-01-20,1,59.2,Online
3073,106,2284,2024-04-13,1,35.17,In-Store
3074,111,2284,2024-01-10,3,44.47,In-Store
3075,103,2284,2023-09-10,3,82.35,In-Store
3076,103,2284,2024-02-27,3,89.11,Online
3077,118,2285,2024-04-06,1,124.22,Online
3078,108,2285,2023-07-27,1,202.61,In-Store
3079,111,2285,2024-02-15,2,47.42,Online
3080,117,2285,2023-10-22,3,137.59,Online
3081,116,2285,2024-02-07,3,223.61,Online
3082,114,2285,2024-01-25,1,56.75,Online
3083,109,2285,2023-10-21,2,155.46,In-Store
3084,108,2285,2023-12-09,2,195.83,In-Store
3085,105,2285,2023-10-27,3,117.56,Online
3086,101,2285,2024-03-03,2,27.61,In-Store
3087,114,2285,2023-07-09,2,57.65,Online
3088,106,2286,2024-05-11,2,33.4,In-Store
3089,110,2286,2023-10-16,1,116.2,Online
3090,103,2286,2024-03-01,2,87.15,Online
3091,101,2286,2024-01-22,3,29.93,Online
3092,117,2286,2024-03-06,1,140.39,In-Store
3093,109,2286,2024-02-19,1,154.79,Online
3094,111,2286,2023-11-02,2,49.53,In-Store
3095,106,2286,2023-08-26,1,33.27,In-Store
3096,117,2286,2024-05-08,1,127.61,In-Store
3097,117,2286,2023-08-06,3,130.58,Online
3098,115,2286,2024-03-11,3,127.36,Online
3099,117,2286,2023-09-11,2,127.42,Online
3100,106,2286,2024-02-05,2,38.75,In-Store
3101,102,2286,2023-12-02,2,28.52,Online
3102,114,2286,2024-04-05,2,57.72,Online
3103,113,2286,2023-08-17,3,10.77,In-Store
3104,116,2286,2024-03-08,2,252.27,Online
3105,104,2287,2024-02-16,1,66.15,In-Store
3106,107,2287,2023-11-19,1,68.09,Online
3107,113,2287,2023-12-07,2,11.35,In-Store
3108,106,2287,2023-10-25,2,33.16,Online
3109,117,2287,2023-12-15,2,123.62,In-Store
3110,109,2287,2023-09-27,2,150.58,In-Store
3111,117,2287,2024-05-03,2,131.33,Online
3112,112,2287,2024-01-28,3,31.77,In-Store
3113,107,2288,2023-10-14,2,69.61,In-Store
3114,109,2288,2024-04-27,1,130.87,In-Store
3115,118,2288,2023-08-08,3,117.58,Online
3116,113,2288,2024-02-07,1,10.64,In-Store
3117,104,2288,2023-08-22,3,60.23,Online
3118,110,2288,2023-08-03,3,118.66,Online
3119,108,2288,2023-09-25,1,180.05,In-Store
3120,115,2288,2023-12-29,1,133.23,In-Store
3121,117,2288,2023-07-20,1,139.59,In-Store
3122,103,2288,2024-04-22,1,90.06,In-Store
3123,103,2289,2024-03-25,3,82.08,In-Store
3124,116,2289,2023-06-30,2,243.14,In-Store
3125,111,2290,2024-01-28,3,51.36,Online
3126,107,2290,2024-01-16,1,67.26,Online
3127,102,2290,2023-09-06,3,28.08,Online
3128,118,2290,2023-09-28,1,142.48,Online
3129,116,2290,2024-04-13,3,235.95,Online
3130,115,2290,2024-04-11,3,140.89,Online
3131,106,2290,2023-11-02,2,38.15,In-Store
3132,106,2290,2024-04-21,1,35.19,In-Store
3133,115,2290,2023-09-08,2,135.65,Online
3134,114,2291,2024-04-20,2,52.85,Online
3135,104,2291,2024-01-20,2,62.12,Online
3136,117,2291,2023-08-01,2,122.6,Online
3137,117,2291,2023-12-24,3,120.23,Online
3138,104,2291,2023-07-27,2,66.29,In-Store
3139,117,2291,2023-08-09,3,142.79,Online
3140,110,2291,2024-04-08,2,125.55,Online
3141,115,2291,2023-08-24,2,128.44,Online
3142,117,2291,2024-02-13,2,122.16,In-Store
3143,115,2291,2023-08-07,2,138.16,In-Store
3144,115,2291,2023-08-12,1,123.35,Online
3145,106,2291,2024-02-26,2,37.58,In-Store
3146,114,2291,2023-12-15,1,60.53,Online
3147,101,2291,2023-12-18,3,29.14,In-Store
3148,104,2291,2023-12-23,1,57.7,In-Store
3149,102,2291,2023-08-31,2,25.94,In-Store
3150,107,2291,2023-08-03,1,61.36,Online
3151,104,2292,2023-08-19,3,60.88,In-Store
3152,102,2292,2023-11-05,2,25.86,Online
3153,110,2292,2024-03-10,3,129.75,Online
3154,103,2292,2024-04-15,3,80.22,In-Store
3155,101,2292,2024-04-17,3,26.49,In-Store
3156,103,2292,2024-04-19,1,93.56,Online
3157,102,2292,2024-01-07,3,24.42,In-Store
3158,105,2292,2023-12-31,2,126.09,In-Store
3159,101,2292,2024-05-04,2,26.66,In-Store
3160,116,2292,2024-04-03,2,233.06,Online
3161,103,2292,2024-02-27,2,94.4,In-Store
3162,114,2292,2023-11-03,2,51.82,Online
3163,103,2292,2024-03-19,1,88.86,Online
3164,109,2292,2023-09-16,1,145.27,Online
3165,110,2292,2023-08-05,1,122.37,Online
3166,110,2292,2024-01-03,2,126.0,In-Store
3167,109,2292,2023-10-30,2,139.06,In-Store
3168,107,2293,2023-12-07,2,64.45,Online
3169,118,2293,2024-04-30,3,117.34,Online
3170,107,2293,2023-07-14,1,60.02,Online
3171,113,2293,2023-08-02,1,9.71,In-Store
3172,116,2293,2023-10-25,2,229.49,In-Store
3173,118,2293,2024-04-05,1,138.09,In-Store
3174,108,2293,2023-12-20,2,196.79,In-Store
3175,105,2293,2023-10-11,1,112.08,Online
3176,105,2293,2023-09-29,2,114.2,Online
3177,113,2293,2023-09-27,3,10.05,In-Store
3178,117,2293,2023-09-18,1,119.72,Online
3179,110,2293,2024-05-02,2,115.52,In-Store
3180,115,2293,2023-09-20,3,132.95,Online
3181,106,2293,2023-08-01,1,33.27,Online
3182,117,2293,2024-03-01,3,137.31,Online
3183,104,2294,2023-10-07,3,63.77,In-Store
3184,112,2295,2023-09-03,3,28.56,In-Store
3185,103,2295,2023-09-03,3,89.49,In-Store
3186,113,2295,2023-10-10,3,10.67,In-Store
3187,110,2295,2023-12-13,2,130.96,Online
3188,110,2295,2024-05-04,1,122.2,Online
3189,116,2295,2024-02-06,2,257.47,Online
3190,118,2295,2023-10-22,2,142.36,In-Store
3191,117,2295,2023-11-07,3,138.33,Online
3192,104,2295,2023-09-23,3,68.02,In-Store
3193,118,2295,2024-04-29,2,136.42,In-Store
3194,111,2295,2024-01-08,1,48.33,Online
3195,104,2295,2023-08-06,2,65.96,Online
3196,110,2295,2024-04-13,1,121.14,In-Store
3197,103,2295,2023-10-16,3,85.01,In-Store
3198,111,2295,2024-05-25,2,48.77,Online
3199,111,2295,2023-09-18,1,47.05,Online
3200,109,2295,2023-11-18,3,132.49,Online
3201,112,2295,2024-05-23,3,29.73,Online
3202,106,2295,2024-02-19,3,36.76,Online
3203,107,2296,2023-10-01,3,65.03,In-Store
3204,101,2296,2023-12-06,1,24.63,Online
3205,113,2296,2024-05-02,3,11.66,Online
3206,102,2296,2023-08-06,3,25.87,In-Store
3207,113,2296,2024-02-03,2,10.59,Online
3208,114,2296,2023-08-15,1,55.02,Online
3209,105,2296,2023-11-12,2,107.58,Online
3210,105,2296,2024-01-26,3,117.34,Online
3211,103,2296,2023-09-25,1,84.66,In-Store
3212,102,2296,2023-10-02,3,28.63,Online
3213,103,2297,2023-08-01,1,91.59,In-Store
3214,116,2297,2024-04-13,1,217.24,In-Store
3215,107,2297,2023-11-12,2,67.23,In-Store
3216,110,2297,2023-12-11,1,111.62,Online
3217,111,2297,2023-06-25,1,51.69,In-Store
3218,111,2297,2023-08-04,1,50.29,Online
3219,115,2297,2023-09-23,2,139.46,In-Store
3220,111,2297,2024-03-29,3,51.63,Online
3221,117,2297,2023-10-11,3,134.64,Online
3222,111,2297,2024-02-27,3,48.64,In-Store
3223,103,2297,2024-02-14,2,79.18,Online
3224,113,2297,2024-01-05,2,11.0,Online
3225,101,2297,2023-12-16,3,27.85,In-Store
3226,106,2297,2024-02-07,2,32.7,Online
3227,103,2297,2023-09-12,1,79.13,Online
3228,103,2298,2023-04-12,1,83.66,Online
3229,105,2298,2023-09-11,1,116.57,In-Store
3230,114,2298,2023-04-14,1,58.67,Online
3231,108,2299,2023-12-15,1,187.47,In-Store
3232,108,2299,2024-01-01,3,194.55,Online
3233,118,2299,2024-02-15,2,117.24,Online
3234,106,2299,2023-07-18,2,36.92,Online
3235,107,2299,2023-11-12,3,60.87,In-Store
3236,114,2299,2023-12-14,1,59.95,Online
3237,103,2299,2024-02-26,3,84.83,In-Store
3238,113,2299,2024-02-12,2,11.17,Online
3239,117,2300,2024-05-18,1,121.21,In-Store
3240,105,2300,2023-09-29,3,125.61,Online
3241,105,2300,2024-01-20,2,110.28,In-Store
3242,115,2300,2024-03-21,3,127.58,In-Store
3243,104,2300,2024-02-13,3,59.91,In-Store
3244,106,2300,2024-03-26,2,35.16,In-Store
3245,114,2300,2024-01-24,2,57.55,In-Store
3246,107,2300,2024-02-25,1,64.17,In-Store
3247,115,2300,2024-03-07,2,129.09,Online
3248,110,2300,2023-08-10,1,126.98,In-Store
3249,105,2300,2024-04-28,2,126.65,In-Store
3250,118,2300,2023-09-22,2,135.89,In-Store
3251,106,2300,2023-08-05,3,32.92,In-Store
3252,101,2300,2023-08-26,2,25.88,Online
3253,106,2300,2024-03-08,3,34.46,Online
3254,110,2300,2023-09-19,1,111.32,In-Store
3255,114,2300,2023-08-03,2,55.85,In-Store
3256,116,2300,2023-12-11,1,220.46,Online
3257,118,2300,2024-04-18,1,132.59,In-Store
3258,112,2300,2024-03-30,2,30.99,In-Store
3259,114,2300,2023-08-28,1,58.51,In-Store
3260,110,2300,2023-10-30,3,108.9,Online
3261,105,2300,2024-04-27,1,115.18,In-Store
3262,113,2300,2023-11-24,3,9.7,In-Store
3263,101,2300,2024-02-20,1,25.38,In-Store
3264,101,2300,2024-03-30,1,27.95,In-Store
3265,118,2301,2024-05-10,3,140.78,In-Store
3266,118,2301,2023-10-01,1,118.08,In-Store
3267,101,2301,2024-02-20,1,26.35,In-Store
3268,106,2301,2023-08-15,2,38.1,Online
3269,112,2301,2024-03-26,3,31.74,In-Store
3270,101,2301,2024-04-11,2,27.07,Online
3271,102,2301,2024-04-23,1,24.58,In-Store
3272,108,2301,2023-12-22,1,200.34,Online
3273,103,2301,2023-10-22,2,84.31,Online
3274,114,2301,2023-12-04,3,56.67,In-Store
3275,104,2301,2024-03-18,1,59.36,Online
3276,117,2301,2024-01-25,1,138.97,Online
3277,113,2301,2023-09-06,1,9.82,Online
3278,115,2301,2024-03-18,1,136.03,Online
3279,115,2301,2023-11-15,2,131.87,Online
3280,118,2301,2024-04-30,2,124.94,Online
3281,103,2301,2023-09-30,2,91.74,Online
3282,103,2301,2023-08-13,2,91.52,In-Store
3283,112,2301,2024-04-24,2,32.4,Online
3284,118,2301,2024-05-04,3,134.89,Online
3285,113,2301,2024-04-30,2,10.41,Online
3286,108,2301,2023-10-06,1,196.54,In-Store
3287,102,2302,2024-03-12,2,26.91,In-Store
3288,116,2302,2023-10-04,1,217.02,In-Store
3289,105,2302,2024-02-07,3,124.55,In-Store
3290,112,2302,2024-02-17,2,27.72,Online
3291,108,2302,2023-11-12,3,180.5,Online
3292,105,2302,2023-12-10,2,122.2,Online
3293,111,2302,2023-09-29,3,47.3,Online
3294,117,2302,2023-12-24,1,122.31,Online
3295,102,2302,2023-08-29,3,27.77,In-Store
3296,108,2302,2023-08-21,2,207.69,Online
3297,102,2302,2023-11-15,2,27.24,Online
3298,117,2303,2024-05-10,3,144.53,Online
3299,104,2303,2024-04-24,2,66.59,Online
3300,105,2303,2024-01-24,3,115.79,Online
3301,117,2303,2023-09-01,3,142.36,In-Store
3302,110,2303,2024-01-10,1,113.45,Online
3303,106,2303,2024-04-27,2,37.01,In-Store
3304,107,2303,2023-12-20,2,61.17,In-Store
3305,104,2303,2023-08-20,2,56.78,Online
3306,113,2303,2023-12-14,2,9.59,Online
3307,107,2304,2023-10-10,3,66.33,In-Store
3308,107,2304,2024-02-13,2,66.33,Online
3309,102,2304,2023-12-18,1,27.59,Online
3310,101,2304,2024-04-11,3,26.63,In-Store
3311,114,2304,2023-10-28,3,59.39,Online
3312,116,2304,2023-11-04,2,240.36,In-Store
3313,112,2304,2024-03-28,3,29.47,Online
3314,104,2304,2024-02-16,2,62.54,Online
3315,104,2304,2023-11-04,1,59.01,In-Store
3316,116,2304,2023-10-07,2,249.6,In-Store
3317,114,2305,2023-08-29,1,55.04,In-Store
3318,113,2305,2023-09-17,1,10.06,In-Store
3319,116,2305,2024-04-14,1,231.63,In-Store
3320,117,2305,2024-01-31,2,124.54,In-Store
3321,108,2305,2024-01-02,1,211.9,In-Store
3322,108,2305,2024-02-03,3,179.34,In-Store
3323,102,2305,2023-11-12,3,24.94,Online
3324,102,2305,2024-02-21,2,27.03,Online
3325,116,2305,2024-02-03,1,236.7,Online
3326,112,2305,2023-09-12,2,30.59,In-Store
3327,109,2305,2024-04-05,3,130.61,In-Store
3328,116,2306,2024-03-04,3,231.87,In-Store
3329,104,2306,2023-08-02,1,58.13,Online
3330,109,2306,2023-12-09,3,155.31,In-Store
3331,107,2306,2024-04-28,2,69.57,In-Store
3332,107,2306,2023-11-15,2,61.32,Online
3333,108,2306,2023-12-16,1,193.71,In-Store
3334,104,2306,2024-03-04,3,58.02,Online
3335,101,2306,2024-04-22,2,27.74,Online
3336,115,2306,2023-08-23,3,126.06,Online
3337,108,2306,2023-12-27,3,202.05,Online
3338,110,2307,2023-08-02,1,120.03,In-Store
3339,105,2307,2023-10-06,3,123.4,In-Store
3340,103,2307,2023-09-22,3,84.31,Online
3341,118,2307,2023-09-14,1,121.55,In-Store
3342,118,2307,2024-02-23,3,128.37,In-Store
3343,102,2307,2024-01-30,2,25.69,In-Store
3344,110,2307,2024-03-05,2,116.96,Online
3345,105,2307,2024-04-07,2,126.96,Online
3346,102,2307,2024-02-22,1,29.0,In-Store
3347,106,2307,2023-12-17,1,37.65,Online
3348,101,2307,2024-02-17,1,25.26,In-Store
3349,114,2307,2023-10-06,3,57.4,Online
3350,112,2307,2024-02-16,1,32.7,In-Store
3351,105,2307,2023-11-01,1,110.69,In-Store
3352,118,2308,2023-11-19,3,122.82,In-Store
3353,109,2308,2023-07-02,2,140.94,Online
3354,113,2309,2024-03-10,1,10.8,In-Store
3355,107,2309,2023-10-28,3,70.23,Online
3356,102,2309,2023-11-06,1,25.13,In-Store
3357,112,2309,2024-04-05,3,29.9,In-Store
3358,113,2309,2023-09-23,2,11.59,In-Store
3359,108,2309,2023-07-21,2,210.07,Online
3360,118,2309,2023-10-17,2,138.45,Online
3361,108,2309,2024-01-27,3,182.73,Online
3362,108,2309,2024-04-02,1,180.08,In-Store
3363,111,2309,2024-01-01,2,48.05,Online
3364,101,2309,2023-12-14,2,27.96,Online
3365,115,2309,2024-03-08,2,119.01,In-Store
3366,118,2309,2023-11-27,1,122.91,Online
3367,114,2309,2023-10-08,2,50.45,In-Store
3368,103,2309,2024-03-27,1,78.12,In-Store
3369,105,2310,2023-05-28,1,114.69,In-Store
3370,115,2310,2023-07-22,1,134.26,Online
3371,112,2311,2023-12-12,2,27.22,In-Store
3372,109,2311,2024-02-12,1,138.3,In-Store
3373,117,2311,2023-06-29,3,131.01,Online
3374,115,2312,2023-12-31,2,137.88,In-Store
3375,110,2312,2023-12-23,3,126.57,Online
3376,101,2312,2024-01-24,1,25.48,Online
3377,113,2312,2024-02-03,2,11.48,In-Store
3378,106,2312,2023-09-29,3,37.24,Online
3379,107,2312,2023-12-03,1,68.43,Online
3380,101,2312,2024-04-28,1,28.03,Online
3381,102,2312,2024-02-01,3,26.14,Online
3382,111,2312,2024-04-03,2,42.56,In-Store
3383,104,2312,2023-07-30,3,63.23,Online
3384,110,2312,2023-09-24,1,129.11,In-Store
3385,110,2312,2024-01-30,2,108.58,Online
3386,113,2312,2024-05-21,3,11.08,Online
3387,110,2312,2023-09-29,1,131.06,In-Store
3388,112,2312,2024-04-27,2,27.34,In-Store
3389,104,2312,2024-03-08,2,61.89,Online
3390,108,2312,2024-03-30,2,182.41,In-Store
3391,109,2313,2024-01-05,3,136.0,In-Store
3392,112,2313,2023-12-20,2,30.15,In-Store
3393,114,2313,2024-04-03,3,59.84,Online
3394,105,2313,2024-01-20,3,120.61,Online
3395,107,2313,2023-10-12,1,68.6,In-Store
3396,111,2313,2024-01-19,1,51.65,Online
3397,113,2313,2024-01-28,2,9.89,Online
3398,112,2313,2023-11-19,2,29.75,Online
3399,112,2313,2024-03-06,3,30.86,In-Store
3400,117,2313,2024-03-26,3,135.22,Online
3401,110,2313,2024-02-20,3,128.07,In-Store
3402,110,2313,2024-01-23,2,109.35,In-Store
3403,105,2313,2024-03-03,2,119.81,Online
3404,104,2313,2024-03-30,3,58.62,In-Store
3405,108,2313,2023-10-26,1,207.95,In-Store
3406,117,2313,2023-11-23,3,119.1,Online
3407,115,2313,2024-04-25,1,130.57,Online
3408,115,2313,2024-03-06,3,126.2,Online
3409,105,2313,2024-03-05,3,126.97,In-Store
3410,117,2313,2023-09-20,3,128.01,In-Store
3411,108,2313,2024-04-22,2,188.0,Online
3412,106,2313,2023-12-09,1,36.77,In-Store
3413,117,2313,2024-05-11,3,142.16,Online
3414,118,2313,2023-09-11,3,135.34,In-Store
3415,117,2313,2023-11-07,2,137.5,Online
3416,115,2313,2023-09-19,3,142.61,Online
3417,107,2314,2023-10-25,3,63.6,In-Store
3418,108,2314,2024-03-11,1,199.62,Online
3419,102,2314,2023-11-01,1,24.83,In-Store
3420,107,2314,2023-10-08,3,68.45,Online
3421,107,2314,2023-10-11,2,64.06,In-Store
3422,103,2314,2023-08-30,3,86.19,In-Store
3423,118,2314,2024-02-20,1,119.18,Online
3424,117,2314,2023-09-28,2,128.59,In-Store
3425,104,2314,2024-02-25,2,58.68,Online
3426,113,2314,2023-10-10,1,11.44,In-Store
3427,102,2314,2024-02-23,3,25.02,Online
3428,103,2314,2023-12-24,2,84.61,In-Store
3429,115,2314,2023-09-15,3,133.41,In-Store
3430,115,2314,2024-04-27,1,142.49,In-Store
3431,109,2314,2024-05-02,1,134.8,Online
3432,109,2315,2023-07-31,2,141.87,In-Store
3433,116,2315,2023-12-16,3,262.03,Online
3434,104,2315,2023-08-13,3,60.24,In-Store
3435,117,2315,2024-01-25,1,141.53,In-Store
3436,106,2315,2024-04-02,2,38.18,Online
3437,113,2315,2023-08-02,2,11.58,Online
3438,103,2315,2024-01-22,3,85.62,In-Store
3439,111,2315,2024-01-19,1,45.67,Online
3440,108,2315,2023-10-03,3,210.46,In-Store
3441,118,2315,2023-11-08,2,119.05,In-Store
3442,116,2316,2024-04-11,1,257.5,Online
3443,113,2316,2023-11-04,1,11.24,Online
3444,116,2316,2024-01-29,3,243.1,Online
3445,107,2316,2024-05-08,1,66.72,Online
3446,102,2316,2024-03-05,3,25.58,Online
3447,108,2316,2023-09-26,3,212.5,In-Store
3448,117,2316,2024-01-15,1,134.03,In-Store
3449,117,2316,2023-11-16,3,133.52,Online
3450,117,2316,2023-12-23,1,123.04,Online
3451,102,2316,2023-09-25,3,27.09,In-Store
3452,108,2316,2024-03-22,2,192.46,In-Store
3453,106,2316,2024-04-24,2,34.15,Online
3454,117,2316,2023-12-12,3,119.17,Online
3455,113,2317,2023-11-05,3,11.3,Online
3456,109,2317,2023-10-10,1,146.8,In-Store
3457,112,2318,2023-07-02,2,29.79,In-Store
3458,110,2319,2023-12-13,1,119.18,Online
3459,107,2319,2023-12-31,2,68.39,Online
3460,104,2319,2023-06-26,2,62.49,Online
3461,104,2320,2023-09-05,3,64.49,Online
3462,118,2320,2023-04-08,1,123.67,In-Store
3463,104,2320,2023-03-26,3,62.45,Online
3464,114,2321,2023-11-27,1,51.84,In-Store
3465,111,2321,2023-12-13,2,45.95,In-Store
3466,109,2321,2024-04-14,1,131.07,Online
3467,114,2321,2023-10-15,3,51.25,Online
3468,111,2321,2023-08-26,1,50.41,Online
3469,109,2321,2024-03-27,3,147.48,Online
3470,117,2321,2023-10-08,1,130.7,Online
3471,107,2321,2023-11-14,2,64.65,Online
3472,105,2322,2024-02-17,3,106.94,Online
3473,110,2322,2023-08-31,3,122.36,Online
3474,107,2322,2024-01-14,3,63.7,Online
3475,114,2322,2024-03-03,1,54.58,In-Store
3476,111,2322,2023-08-02,3,46.32,In-Store
3477,117,2322,2024-03-30,3,127.94,In-Store
3478,118,2322,2023-10-04,3,138.16,Online
3479,101,2322,2023-07-27,2,25.74,In-Store
3480,106,2323,2023-12-19,1,39.55,In-Store
3481,113,2323,2024-03-25,1,11.38,In-Store
3482,107,2323,2023-09-09,3,69.24,In-Store
3483,107,2323,2023-08-01,3,58.94,In-Store
3484,103,2323,2023-09-27,2,87.9,In-Store
3485,118,2323,2023-10-02,3,134.7,Online
3486,115,2323,2023-07-21,2,127.74,Online
3487,107,2323,2024-04-26,2,59.45,In-Store
3488,114,2323,2024-05-09,1,60.69,In-Store
3489,110,2323,2023-09-25,2,122.18,Online
3490,111,2323,2023-09-27,3,43.11,In-Store
3491,110,2323,2023-08-21,2,113.62,In-Store
3492,118,2323,2024-03-25,2,130.94,In-Store
3493,117,2324,2023-10-19,1,121.54,Online
3494,118,2324,2023-08-18,2,121.19,Online
3495,115,2324,2024-02-20,1,119.69,Online
3496,114,2325,2024-04-18,3,60.39,In-Store
3497,115,2325,2024-02-28,1,139.62,In-Store
3498,114,2325,2023-12-10,2,57.27,Online
3499,107,2325,2023-12-28,1,64.8,In-Store
3500,103,2325,2024-03-15,2,83.69,Online
3501,110,2325,2024-04-28,2,123.05,In-Store
3502,111,2325,2024-01-05,2,50.87,In-Store
3503,102,2325,2024-01-29,1,28.94,In-Store
3504,103,2325,2024-03-17,1,93.96,Online
3505,112,2325,2024-03-30,2,28.15,Online
3506,114,2325,2023-08-26,2,57.64,In-Store
3507,114,2325,2024-03-22,3,50.69,Online
3508,116,2325,2023-10-28,3,245.92,In-Store
3509,117,2326,2024-04-24,3,144.77,Online
3510,101,2326,2023-10-09,2,28.7,In-Store
3511,107,2326,2024-01-15,3,69.54,Online
3512,109,2326,2023-08-17,2,154.43,Online
3513,104,2326,2023-08-28,2,65.35,In-Store
3514,105,2326,2024-05-21,3,125.56,In-Store
3515,113,2326,2024-04-24,1,10.14,Online
3516,101,2326,2024-01-04,3,26.03,Online
3517,114,2327,2023-10-26,2,59.52,In-Store
3518,116,2327,2024-03-24,1,256.34,In-Store
3519,109,2327,2023-11-01,3,129.43,In-Store
3520,103,2327,2024-01-18,2,84.19,Online
3521,114,2327,2024-04-14,2,55.24,Online
3522,115,2327,2023-09-08,2,127.38,Online
3523,112,2327,2023-12-04,1,28.73,Online
3524,108,2327,2024-03-14,2,189.84,In-Store
3525,115,2328,2023-12-20,3,121.03,Online
3526,107,2328,2024-02-10,1,65.59,In-Store
3527,111,2328,2023-07-26,1,49.62,Online
3528,113,2328,2024-01-28,3,11.5,Online
3529,110,2328,2024-02-20,2,107.96,Online
3530,109,2328,2023-11-29,1,145.6,Online
3531,103,2328,2023-07-29,3,78.17,Online
3532,106,2328,2023-12-05,2,38.96,In-Store
3533,102,2328,2024-04-09,2,27.28,In-Store
3534,101,2328,2024-04-17,3,29.48,In-Store
3535,112,2328,2024-03-30,3,30.74,Online
3536,103,2328,2024-02-08,2,90.74,In-Store
3537,116,2329,2023-11-04,2,231.31,Online
3538,102,2330,2023-12-14,2,26.21,In-Store
3539,118,2331,2023-10-19,1,117.14,In-Store
3540,117,2332,2023-10-08,1,128.4,Online
3541,103,2332,2024-01-02,3,85.77,Online
3542,103,2332,2024-04-06,1,86.27,In-Store
3543,115,2332,2023-07-21,2,128.35,Online
3544,101,2332,2023-12-24,2,27.76,In-Store
3545,112,2332,2023-09-05,1,32.84,In-Store
3546,112,2332,2023-09-16,1,28.89,Online
3547,115,2332,2023-07-14,2,127.08,Online
3548,115,2332,2024-02-24,2,118.28,Online
3549,112,2332,2023-10-29,3,29.61,Online
3550,112,2332,2023-12-21,2,30.06,In-Store
3551,101,2332,2023-11-05,3,24.9,Online
3552,101,2332,2024-02-28,1,26.26,In-Store
3553,111,2332,2023-09-23,1,46.08,In-Store
3554,104,2333,2024-03-06,3,61.51,Online
3555,113,2333,2024-04-14,1,11.34,In-Store
3556,103,2333,2023-10-08,1,83.75,Online
3557,116,2333,2024-02-22,3,253.21,Online
3558,104,2333,2024-01-08,2,59.15,Online
3559,109,2333,2023-09-02,3,142.67,Online
3560,115,2333,2024-01-26,2,117.47,Online
3561,110,2333,2023-11-22,2,124.99,In-Store
3562,111,2333,2023-12-14,2,47.34,In-Store
3563,113,2333,2024-05-15,2,11.25,In-Store
3564,105,2333,2023-09-24,3,129.3,Online
3565,101,2333,2024-02-17,2,25.48,Online
3566,117,2333,2023-08-15,2,127.84,In-Store
3567,112,2333,2023-12-14,3,31.42,In-Store
3568,114,2333,2023-11-30,2,51.29,Online
3569,114,2333,2023-12-07,1,53.75,Online
3570,106,2333,2023-10-10,1,37.76,Online
3571,109,2333,2023-12-11,1,139.49,In-Store
3572,108,2333,2023-12-19,3,179.93,Online
3573,103,2333,2024-01-10,3,91.29,Online
3574,118,2333,2023-12-09,2,141.55,In-Store
3575,115,2333,2023-08-13,2,141.34,In-Store
3576,107,2334,2023-09-20,3,63.9,In-Store
3577,109,2334,2024-04-16,3,130.05,Online
3578,112,2334,2023-10-27,3,27.89,In-Store
3579,105,2334,2024-01-12,1,126.07,Online
3580,101,2334,2023-08-27,2,27.78,In-Store
3581,102,2334,2024-03-21,1,28.56,Online
3582,109,2334,2023-11-23,2,147.06,In-Store
3583,102,2334,2023-11-03,3,27.78,In-Store
3584,110,2334,2023-10-19,1,112.06,Online
3585,110,2334,2023-12-17,1,119.04,In-Store
3586,107,2334,2024-01-31,3,68.63,In-Store
3587,112,2334,2024-02-19,3,32.49,Online
3588,107,2334,2023-08-09,3,61.15,Online
3589,109,2334,2024-02-08,1,137.49,Online
3590,105,2334,2024-05-15,1,116.19,In-Store
3591,111,2334,2023-10-14,1,48.16,Online
3592,103,2334,2023-12-20,2,82.39,Online
3593,111,2334,2023-11-29,3,44.45,Online
3594,108,2334,2023-09-28,3,217.24,In-Store
3595,105,2334,2024-05-27,1,116.56,Online
3596,107,2335,2023-08-10,2,59.06,Online
3597,103,2335,2023-10-12,3,92.04,In-Store
3598,112,2335,2023-11-08,2,28.61,In-Store
3599,107,2335,2023-08-03,1,61.05,Online
3600,110,2335,2023-08-01,1,114.29,In-Store
3601,110,2335,2024-04-07,2,108.46,In-Store
3602,105,2335,2024-01-10,3,127.37,Online
3603,115,2335,2024-01-06,1,125.65,Online
3604,103,2335,2023-10-11,3,82.51,Online
3605,117,2335,2023-10-30,1,135.78,Online
3606,113,2335,2023-12-03,2,10.91,In-Store
3607,116,2335,2024-05-21,2,263.54,In-Store
3608,117,2335,2023-11-11,2,127.48,In-Store
3609,107,2335,2024-03-24,2,71.56,In-Store
3610,108,2335,2023-08-30,1,199.83,Online
3611,112,2335,2024-05-06,3,28.5,In-Store
3612,101,2335,2024-02-19,2,26.38,Online
3613,115,2335,2024-01-25,3,127.18,Online
3614,109,2335,2024-03-01,1,128.6,Online
3615,112,2335,2023-09-11,2,31.58,In-Store
3616,107,2335,2023-09-09,2,67.05,In-Store
3617,111,2335,2024-02-02,3,44.36,In-Store
3618,114,2335,2024-04-30,3,60.58,In-Store
3619,101,2335,2024-01-08,3,28.0,Online
3620,105,2335,2024-02-14,2,121.77,Online
3621,107,2335,2023-11-11,3,64.36,In-Store
3622,118,2336,2024-02-16,1,135.86,In-Store
3623,114,2336,2024-01-03,1,60.63,In-Store
3624,114,2336,2024-01-19,3,61.04,In-Store
3625,106,2336,2023-09-21,2,35.21,Online
3626,109,2336,2024-04-21,1,141.54,In-Store
3627,105,2336,2024-04-05,3,119.48,Online
3628,109,2336,2023-12-17,3,138.23,In-Store
3629,104,2336,2024-04-29,2,61.95,Online
3630,118,2336,2024-04-15,1,139.88,In-Store
3631,114,2336,2023-08-20,3,58.96,In-Store
3632,103,2336,2024-01-05,2,94.11,Online
3633,114,2336,2024-04-11,2,53.74,In-Store
3634,109,2336,2024-01-21,1,152.57,Online
3635,103,2336,2023-12-22,2,87.77,In-Store
3636,116,2336,2023-10-18,2,260.12,In-Store
3637,118,2336,2024-01-29,1,139.98,Online
3638,108,2336,2023-09-24,2,214.82,In-Store
3639,102,2337,2023-12-26,2,28.43,In-Store
3640,108,2337,2023-11-02,1,212.6,In-Store
3641,113,2337,2024-04-05,2,10.1,In-Store
3642,106,2337,2023-08-18,3,34.44,Online
3643,110,2337,2024-02-22,2,120.35,Online
3644,105,2337,2023-11-16,1,128.32,Online
3645,104,2337,2023-11-27,1,57.96,In-Store
3646,109,2337,2023-10-31,2,132.24,In-Store
3647,105,2337,2023-12-15,3,110.89,Online
3648,113,2337,2024-03-26,2,10.46,In-Store
3649,102,2337,2023-12-21,3,26.26,In-Store
3650,106,2338,2024-02-20,1,38.91,Online
3651,112,2338,2024-01-08,1,32.96,Online
3652,106,2338,2023-11-29,3,37.01,In-Store
3653,116,2338,2024-02-21,2,237.86,In-Store
3654,108,2338,2023-11-09,1,196.76,In-Store
3655,114,2338,2023-08-01,1,51.01,Online
3656,103,2338,2023-11-20,3,85.37,Online
3657,103,2338,2023-10-05,2,82.0,Online
3658,111,2338,2023-12-03,2,49.93,In-Store
3659,105,2338,2023-09-07,1,111.07,In-Store
3660,111,2338,2023-10-26,2,50.43,In-Store
3661,103,2338,2023-11-18,2,95.05,In-Store
3662,118,2338,2024-02-07,2,138.83,In-Store
3663,114,2338,2024-03-12,2,53.06,In-Store
3664,108,2339,2024-01-30,3,184.99,In-Store
3665,105,2339,2023-10-28,1,125.57,In-Store
3666,108,2339,2024-03-05,2,215.93,Online
3667,108,2339,2024-01-11,2,201.99,In-Store
3668,117,2339,2023-10-11,2,134.82,Online
3669,102,2339,2023-10-18,3,25.85,In-Store
3670,115,2339,2023-11-21,2,130.31,In-Store
3671,116,2339,2023-08-08,3,234.86,In-Store
3672,104,2340,2023-09-03,2,58.24,Online
3673,107,2340,2023-12-31,2,61.14,Online
3674,116,2340,2023-11-25,1,224.81,Online
3675,103,2340,2024-01-21,1,80.25,In-Store
3676,110,2340,2024-04-30,3,128.59,In-Store
3677,108,2340,2023-10-22,3,217.82,Online
3678,116,2340,2023-07-30,3,247.12,Online
3679,105,2340,2023-12-12,2,114.06,In-Store
3680,107,2340,2024-05-12,2,69.48,Online
3681,102,2340,2023-09-21,1,28.81,In-Store
3682,105,2340,2024-03-05,2,112.64,In-Store
3683,115,2340,2024-04-18,2,117.82,Online
3684,110,2340,2024-03-30,1,127.53,Online
3685,110,2340,2024-01-26,1,124.09,Online
3686,104,2340,2024-01-21,1,63.76,In-Store
3687,114,2340,2023-10-05,2,61.39,In-Store
3688,105,2340,2024-02-07,1,116.87,In-Store
3689,105,2341,2023-11-26,1,120.96,In-Store
3690,117,2341,2023-09-26,1,142.75,Online
3691,110,2341,2023-10-10,3,122.67,In-Store
3692,109,2341,2023-09-27,1,147.67,In-Store
3693,115,2341,2024-03-26,2,122.65,Online
3694,103,2341,2023-12-13,2,79.38,Online
3695,103,2341,2023-08-24,1,91.44,In-Store
3696,110,2341,2023-11-06,1,126.34,Online
3697,111,2341,2023-10-04,2,48.94,In-Store
3698,109,2341,2024-04-04,3,136.15,Online
3699,111,2341,2023-12-25,1,50.65,Online
3700,113,2341,2024-03-15,2,11.13,In-Store
3701,117,2342,2023-10-04,2,138.37,In-Store
3702,104,2342,2023-09-09,2,67.44,Online
3703,116,2342,2023-12-14,3,262.88,In-Store
3704,101,2342,2023-11-12,1,27.78,Online
3705,114,2342,2024-03-05,3,59.93,Online
3706,103,2342,2023-08-21,3,78.74,Online
3707,113,2342,2024-04-19,1,11.57,Online
3708,108,2342,2023-12-09,3,183.08,In-Store
3709,115,2342,2023-11-22,3,131.41,Online
3710,112,2342,2023-10-16,1,32.24,Online
3711,109,2342,2023-11-14,2,147.15,In-Store
3712,102,2342,2023-12-30,1,26.52,In-Store
3713,112,2343,2024-01-23,2,30.11,In-Store
3714,107,2344,2023-06-14,2,70.66,In-Store
3715,103,2344,2023-11-04,1,82.38,Online
3716,113,2345,2023-05-14,2,10.92,Online
3717,117,2345,2023-08-17,2,145.09,Online
3718,109,2346,2024-01-09,2,139.74,Online
3719,104,2346,2024-05-03,3,67.97,Online
3720,110,2346,2024-03-30,2,117.74,In-Store
3721,109,2346,2024-02-27,2,140.24,Online
3722,113,2346,2023-07-26,1,9.67,In-Store
3723,102,2346,2023-11-28,2,26.87,Online
3724,107,2346,2024-05-01,1,62.93,In-Store
3725,111,2346,2023-11-02,2,46.58,In-Store
3726,106,2346,2024-01-30,2,34.53,In-Store
3727,102,2346,2024-01-03,1,28.66,Online
3728,116,2346,2023-08-21,3,262.11,In-Store
3729,108,2346,2023-11-03,3,186.78,In-Store
3730,103,2346,2024-04-13,1,92.45,In-Store
3731,108,2346,2024-02-04,3,190.11,Online
3732,110,2347,2024-01-19,1,110.99,In-Store
3733,110,2347,2024-02-19,2,118.74,Online
3734,110,2347,2023-11-19,3,112.17,In-Store
3735,109,2347,2024-02-28,1,156.15,In-Store
3736,102,2347,2024-04-13,3,28.13,Online
3737,109,2347,2024-03-08,3,150.43,Online
3738,105,2347,2023-09-02,3,116.84,In-Store
3739,107,2347,2024-03-14,2,65.49,In-Store
3740,111,2347,2023-08-26,2,50.45,Online
3741,111,2347,2024-03-17,1,45.43,Online
3742,112,2347,2023-10-10,2,32.38,Online
3743,107,2347,2023-09-20,3,69.52,In-Store
3744,117,2348,2024-02-27,3,131.51,Online
3745,116,2348,2024-05-02,3,259.65,Online
3746,104,2348,2023-11-07,2,63.01,Online
3747,110,2348,2024-02-12,1,114.87,Online
3748,103,2348,2024-01-18,1,80.65,Online
3749,108,2348,2024-05-01,1,211.68,In-Store
3750,103,2348,2024-04-28,2,89.57,In-Store
3751,112,2348,2024-01-15,3,32.06,In-Store
3752,116,2348,2024-04-02,2,244.85,In-Store
3753,101,2348,2023-08-01,2,29.91,In-Store
3754,104,2348,2023-11-14,3,68.21,Online
3755,106,2348,2024-04-17,1,34.6,Online
3756,113,2348,2024-05-01,1,11.5,In-Store
3757,105,2348,2023-12-04,2,121.4,Online
3758,104,2348,2023-08-13,2,57.42,Online
3759,116,2348,2024-05-13,3,260.17,In-Store
3760,117,2348,2023-09-09,1,138.07,In-Store
3761,102,2348,2024-05-14,2,29.02,In-Store
3762,109,2348,2023-10-20,3,152.43,Online
3763,106,2348,2023-10-24,1,33.28,Online
3764,116,2348,2024-01-24,1,220.08,In-Store
3765,104,2348,2023-08-08,2,62.03,In-Store
3766,106,2348,2024-02-27,1,39.02,Online
3767,114,2349,2023-08-15,2,53.83,In-Store
3768,111,2349,2023-07-20,3,45.56,In-Store
3769,102,2350,2023-11-20,1,29.18,Online
3770,104,2350,2024-01-15,3,57.09,In-Store
3771,108,2350,2023-12-19,2,197.41,Online
3772,114,2350,2024-04-10,1,59.46,In-Store
3773,110,2350,2024-01-06,2,124.93,Online
3774,109,2350,2023-08-18,2,136.45,In-Store
3775,109,2350,2024-04-21,3,135.47,In-Store
3776,117,2350,2023-08-23,2,122.88,Online
3777,107,2350,2024-04-16,1,59.43,Online
3778,116,2350,2024-04-02,1,245.12,Online
3779,108,2350,2024-02-10,2,193.16,In-Store
3780,112,2350,2024-02-07,3,29.28,In-Store
3781,116,2351,2024-04-17,1,225.51,Online
3782,109,2351,2023-10-13,1,142.94,In-Store
3783,109,2351,2024-04-20,2,147.03,Online
3784,109,2351,2023-12-23,1,128.86,Online
3785,111,2351,2023-10-05,2,46.69,Online
3786,108,2351,2024-02-29,1,193.8,In-Store
3787,116,2351,2024-04-01,3,254.19,In-Store
3788,107,2351,2023-11-12,2,66.28,In-Store
3789,105,2351,2023-07-22,2,108.43,In-Store
3790,107,2351,2023-11-08,1,63.15,In-Store
3791,101,2351,2023-12-20,2,28.96,In-Store
3792,110,2351,2024-05-07,1,118.99,In-Store
3793,105,2351,2023-11-03,1,118.87,Online
3794,108,2352,2023-11-06,3,212.14,In-Store
3795,115,2352,2023-07-16,2,122.06,Online
3796,104,2352,2023-12-06,2,63.18,In-Store
3797,113,2352,2024-03-23,1,9.59,In-Store
3798,111,2352,2024-03-26,3,45.37,In-Store
3799,113,2352,2024-03-12,1,9.91,Online
3800,107,2352,2024-03-01,2,59.74,Online
3801,107,2352,2023-11-18,3,62.72,In-Store
3802,118,2352,2023-09-02,3,122.71,In-Store
3803,114,2352,2024-04-26,2,60.73,In-Store
3804,118,2352,2024-03-05,2,121.16,Online
3805,103,2352,2023-09-26,2,81.8,Online
3806,113,2353,2023-08-23,2,10.24,In-Store
3807,108,2353,2024-03-30,3,203.46,In-Store
3808,109,2353,2024-03-14,2,138.13,In-Store
3809,107,2353,2023-08-16,1,70.48,Online
3810,113,2353,2024-05-10,2,9.89,In-Store
3811,116,2353,2023-09-15,1,251.57,In-Store
3812,109,2353,2023-07-27,1,137.36,Online
3813,118,2353,2023-08-17,1,126.2,In-Store
3814,107,2353,2023-09-26,2,68.09,In-Store
3815,103,2353,2023-09-29,2,78.05,Online
3816,106,2354,2023-01-31,3,33.23,In-Store
3817,109,2354,2023-08-06,1,155.67,Online
3818,110,2355,2023-12-31,1,115.53,Online
3819,102,2355,2023-09-17,3,28.52,In-Store
3820,105,2355,2024-03-12,2,118.24,Online
3821,113,2355,2024-04-15,2,10.23,In-Store
3822,105,2355,2023-09-28,3,121.36,Online
3823,104,2355,2023-10-01,2,64.21,Online
3824,106,2355,2024-02-17,3,37.2,Online
3825,107,2355,2023-08-03,1,61.67,In-Store
3826,114,2355,2023-12-13,3,54.18,In-Store
3827,118,2355,2023-11-26,3,122.77,In-Store
3828,111,2355,2024-04-19,2,43.72,Online
3829,117,2355,2024-02-21,3,143.52,Online
3830,103,2355,2023-08-21,3,78.05,Online
3831,112,2355,2024-01-14,3,29.55,Online
3832,104,2355,2023-08-31,2,65.94,In-Store
3833,116,2355,2024-01-14,3,233.68,Online
3834,107,2355,2024-02-08,2,65.21,Online
3835,110,2355,2024-01-19,3,127.0,Online
3836,108,2355,2024-04-04,3,182.74,In-Store
3837,107,2355,2024-01-16,1,60.9,In-Store
3838,115,2356,2023-12-07,1,131.46,Online
3839,104,2356,2023-11-21,2,56.45,In-Store
3840,110,2356,2023-11-11,1,116.65,Online
3841,118,2356,2024-04-15,3,126.92,In-Store
3842,104,2356,2024-02-02,1,59.98,In-Store
3843,107,2356,2024-04-19,2,62.18,In-Store
3844,102,2356,2024-05-09,3,26.65,Online
3845,114,2356,2024-04-11,2,51.53,In-Store
3846,114,2356,2023-09-10,3,59.58,In-Store
3847,109,2356,2024-03-18,2,145.79,Online
3848,115,2356,2023-10-03,1,120.28,Online
3849,111,2356,2024-03-01,2,51.56,In-Store
3850,118,2356,2023-10-02,3,139.71,Online
3851,102,2357,2023-11-11,3,26.68,In-Store
3852,117,2357,2024-05-08,1,141.42,Online
3853,113,2357,2024-04-19,3,11.04,Online
3854,114,2357,2024-02-27,1,55.86,Online
3855,118,2357,2024-05-16,1,131.95,Online
3856,103,2357,2023-12-17,2,89.25,Online
3857,104,2357,2024-01-10,2,68.16,In-Store
3858,113,2357,2024-04-25,1,10.03,Online
3859,118,2357,2023-09-25,3,130.19,Online
3860,107,2357,2024-01-12,1,66.2,Online
3861,102,2357,2023-07-28,2,28.66,In-Store
3862,101,2357,2023-11-18,3,24.93,In-Store
3863,102,2357,2024-03-12,1,24.86,In-Store
3864,101,2357,2023-09-15,2,26.9,In-Store
3865,112,2357,2023-12-19,1,28.4,In-Store
3866,118,2357,2023-07-26,3,141.48,In-Store
3867,115,2357,2024-03-03,2,126.51,In-Store
3868,102,2357,2023-09-21,3,24.81,In-Store
3869,107,2357,2023-10-06,2,62.09,Online
3870,118,2357,2023-10-20,1,134.32,In-Store
3871,114,2357,2024-03-23,2,61.01,In-Store
3872,115,2357,2024-04-18,1,123.82,Online
3873,112,2357,2024-04-14,3,29.26,In-Store
3874,103,2358,2023-11-09,1,87.68,Online
3875,108,2358,2023-12-03,2,209.33,Online
3876,105,2358,2023-07-28,1,122.68,In-Store
3877,112,2358,2023-10-06,3,27.19,Online
3878,106,2358,2023-10-04,1,39.25,In-Store
3879,111,2358,2023-07-04,3,45.56,In-Store
3880,114,2358,2023-08-12,1,60.72,Online
3881,105,2358,2023-12-06,1,125.29,In-Store
3882,103,2359,2023-06-27,1,85.55,Online
3883,113,2359,2024-01-22,2,10.1,In-Store
3884,118,2359,2024-02-28,3,122.81,In-Store
3885,112,2359,2023-12-17,3,31.7,In-Store
3886,109,2359,2023-07-11,1,140.39,Online
3887,110,2359,2023-09-22,3,125.0,Online
3888,109,2359,2023-12-31,1,139.07,In-Store
3889,115,2359,2024-02-07,2,120.29,Online
3890,109,2359,2024-03-02,1,147.04,In-Store
3891,112,2359,2023-12-23,2,32.11,Online
3892,112,2359,2023-07-16,2,31.71,Online
3893,116,2359,2024-01-10,1,231.93,Online
3894,109,2359,2023-06-27,1,145.37,Online
3895,111,2359,2023-07-09,2,49.66,In-Store
3896,105,2360,2024-04-29,1,110.64,Online
3897,110,2360,2024-04-26,3,121.42,In-Store
3898,111,2360,2023-12-17,1,50.58,Online
3899,103,2360,2023-08-19,1,81.15,In-Store
3900,111,2360,2024-04-08,3,44.02,Online
3901,108,2360,2024-04-01,2,214.47,Online
3902,106,2360,2024-03-18,3,38.14,Online
3903,103,2360,2024-04-21,3,78.5,Online
3904,117,2360,2024-01-28,3,133.27,In-Store
3905,115,2360,2023-11-02,3,142.65,Online
3906,101,2361,2023-06-21,1,24.69,In-Store
3907,109,2361,2023-08-06,2,142.49,Online
3908,105,2362,2023-10-15,3,111.81,In-Store
3909,103,2362,2023-07-16,2,93.43,In-Store
3910,102,2362,2023-08-09,1,24.5,Online
3911,102,2362,2023-08-06,1,27.97,In-Store
3912,105,2362,2023-09-10,2,105.99,In-Store
3913,113,2362,2023-09-13,2,11.48,In-Store
3914,107,2362,2024-03-23,1,64.36,In-Store
3915,108,2362,2023-08-03,1,205.03,Online
3916,109,2363,2024-01-29,1,152.38,Online
3917,107,2363,2024-02-14,3,64.99,In-Store
3918,101,2363,2023-12-12,2,28.66,Online
3919,118,2363,2023-11-28,2,132.89,Online
3920,106,2363,2023-08-19,3,35.05,In-Store
3921,113,2363,2023-08-10,3,9.58,Online
3922,110,2363,2023-09-01,3,125.24,Online
3923,106,2363,2023-12-28,2,36.27,In-Store
3924,101,2363,2023-10-04,2,25.93,In-Store
3925,103,2364,2024-02-27,3,88.34,Online
3926,101,2364,2023-12-05,2,26.98,In-Store
3927,117,2364,2023-12-11,3,122.62,In-Store
3928,104,2364,2023-10-22,2,67.26,In-Store
3929,113,2364,2023-08-08,2,9.95,In-Store
3930,113,2364,2023-11-22,3,9.79,Online
3931,118,2364,2024-04-09,1,130.76,In-Store
3932,107,2364,2023-11-09,2,62.24,Online
3933,114,2364,2024-01-05,3,58.91,In-Store
3934,109,2364,2023-08-09,1,139.52,In-Store
3935,115,2364,2023-11-13,2,141.97,In-Store
3936,116,2365,2024-05-06,3,219.85,In-Store
3937,110,2365,2023-10-14,2,118.76,In-Store
3938,117,2365,2023-08-22,2,139.5,In-Store
3939,108,2365,2024-03-24,2,203.11,Online
3940,115,2365,2024-03-01,3,119.07,In-Store
3941,103,2365,2024-03-20,2,78.19,In-Store
3942,115,2365,2024-03-18,2,141.44,Online
3943,115,2365,2023-08-17,1,130.99,Online
3944,108,2365,2023-09-27,1,206.58,Online
3945,112,2365,2023-09-10,3,32.81,Online
3946,107,2365,2024-03-13,2,70.37,Online
3947,118,2366,2024-01-03,1,141.14,In-Store
3948,112,2366,2023-04-20,1,27.28,In-Store
3949,116,2367,2024-01-23,3,242.32,Online
3950,110,2367,2023-12-03,2,118.65,Online
3951,113,2367,2024-02-24,3,11.39,Online
3952,112,2367,2024-03-24,1,28.04,Online
3953,114,2367,2023-09-21,3,56.21,In-Store
3954,112,2367,2023-12-29,2,30.61,Online
3955,115,2367,2024-02-20,3,134.17,In-Store
3956,112,2367,2023-10-21,1,28.23,Online
3957,101,2367,2024-01-27,2,28.49,Online
3958,103,2367,2023-09-10,1,87.36,Online
3959,115,2367,2024-04-03,3,130.81,In-Store
3960,113,2367,2024-01-02,3,10.66,In-Store
3961,108,2367,2023-07-24,2,191.09,Online
3962,116,2367,2023-12-08,2,222.15,Online
3963,105,2367,2023-11-06,2,114.55,Online
3964,110,2367,2023-12-08,1,115.33,Online
3965,102,2368,2023-07-22,3,28.04,In-Store
3966,117,2368,2024-01-24,1,138.46,Online
3967,107,2368,2024-03-04,3,70.34,Online
3968,107,2368,2023-07-13,1,70.63,In-Store
3969,105,2368,2023-10-13,3,114.79,In-Store
3970,109,2368,2023-09-18,1,152.92,Online
3971,113,2368,2024-02-05,2,11.59,Online
3972,109,2368,2023-12-28,3,147.59,Online
3973,108,2368,2023-10-08,3,191.08,In-Store
3974,110,2368,2024-01-06,3,122.22,Online
3975,103,2368,2023-07-27,1,90.31,In-Store
3976,107,2368,2023-12-07,3,69.88,In-Store
3977,111,2368,2024-02-09,1,45.0,Online
3978,108,2368,2023-07-08,3,186.77,Online
3979,118,2368,2024-02-01,2,132.82,Online
3980,115,2369,2023-02-15,3,130.98,In-Store
3981,110,2369,2023-08-27,3,119.15,In-Store
3982,112,2369,2023-08-11,1,27.75,Online
3983,118,2370,2024-01-03,3,129.15,In-Store
3984,101,2370,2023-08-18,1,26.8,In-Store
3985,109,2370,2023-08-18,3,144.07,Online
3986,108,2370,2023-08-14,2,215.87,In-Store
3987,117,2370,2023-08-24,2,142.26,Online
3988,102,2370,2023-11-05,3,24.82,Online
3989,113,2370,2023-12-29,3,10.14,In-Store
3990,116,2370,2024-05-11,3,255.79,Online
3991,111,2370,2023-10-09,3,49.32,In-Store
3992,109,2370,2023-09-27,2,142.64,In-Store
3993,106,2370,2024-02-27,3,39.06,Online
3994,103,2370,2024-02-03,3,85.59,In-Store
3995,117,2370,2023-10-24,1,141.21,Online
3996,101,2370,2023-10-31,3,26.81,Online
3997,116,2370,2024-01-28,3,229.62,Online
3998,114,2370,2024-05-04,3,60.26,Online
3999,102,2370,2023-08-28,1,26.72,In-Store
4000,112,2370,2023-12-11,1,29.43,Online
4001,112,2370,2023-09-18,1,28.28,Online
4002,104,2370,2023-09-19,3,60.55,Online
4003,104,2370,2024-01-16,2,60.66,Online
4004,115,2370,2023-11-16,3,129.83,Online
4005,108,2370,2023-08-24,2,215.77,Online
4006,114,2370,2023-12-08,1,53.56,Online
4007,112,2370,2024-01-04,1,30.11,In-Store
4008,112,2370,2024-03-05,2,30.72,In-Store
4009,108,2370,2023-10-27,2,204.46,Online
4010,106,2370,2024-01-14,2,34.78,In-Store
4011,110,2370,2023-12-01,1,124.52,Online
4012,114,2371,2023-11-09,3,53.05,Online
4013,109,2371,2024-04-19,1,137.68,Online
4014,106,2371,2024-03-20,3,32.9,In-Store
4015,112,2371,2023-10-29,1,31.45,In-Store
4016,112,2371,2024-02-20,3,29.82,Online
4017,101,2371,2024-04-27,1,29.04,In-Store
4018,115,2371,2023-10-25,2,119.64,Online
4019,103,2371,2023-09-21,1,86.7,Online
4020,108,2371,2024-03-15,3,201.04,Online
4021,109,2371,2023-08-02,3,130.97,In-Store
4022,101,2371,2024-04-05,2,28.35,In-Store
4023,104,2371,2024-05-05,2,65.77,Online
4024,102,2371,2023-08-23,2,26.75,In-Store
4025,109,2371,2023-09-06,1,128.93,In-Store
4026,104,2371,2023-11-20,2,66.54,Online
4027,102,2371,2023-09-04,1,29.4,Online
4028,114,2371,2023-09-01,2,52.57,In-Store
4029,101,2371,2023-10-16,1,28.92,In-Store
4030,105,2371,2023-10-04,2,120.06,Online
4031,110,2371,2023-08-27,3,124.49,Online
4032,116,2371,2023-12-07,3,219.07,In-Store
4033,101,2371,2023-10-12,3,27.56,In-Store
4034,117,2371,2023-08-08,1,136.12,In-Store
4035,109,2371,2023-09-25,2,129.52,In-Store
4036,104,2371,2023-10-05,3,63.92,In-Store
4037,113,2372,2023-09-25,3,9.95,In-Store
4038,106,2372,2023-10-08,1,35.78,In-Store
4039,110,2372,2023-11-05,3,124.11,In-Store
4040,114,2372,2023-10-24,1,57.15,In-Store
4041,111,2372,2023-08-28,3,47.2,In-Store
4042,110,2372,2024-01-17,3,130.52,In-Store
4043,105,2372,2023-10-03,2,126.71,In-Store
4044,103,2372,2024-04-21,1,78.47,Online
4045,114,2372,2024-05-20,3,55.47,In-Store
4046,111,2372,2024-04-16,1,48.37,In-Store
4047,105,2372,2023-10-02,2,106.04,Online
4048,107,2372,2023-09-08,1,60.66,In-Store
4049,116,2372,2024-02-19,3,235.46,In-Store
4050,106,2372,2024-01-09,1,38.18,Online
4051,106,2372,2024-01-19,3,39.48,In-Store
4052,104,2372,2024-01-23,3,64.87,Online
4053,107,2373,2024-04-20,1,64.0,Online
4054,111,2373,2023-12-06,3,49.6,In-Store
4055,113,2373,2023-09-28,2,11.01,Online
4056,110,2373,2023-09-06,1,108.6,In-Store
4057,114,2373,2023-09-02,1,59.32,Online
4058,107,2373,2023-10-11,1,71.72,In-Store
4059,102,2373,2023-09-12,1,29.52,In-Store
4060,113,2373,2024-03-19,2,10.96,Online
4061,104,2373,2023-12-17,3,62.0,Online
4062,115,2373,2024-04-30,1,121.03,Online
4063,117,2373,2024-04-02,2,122.09,In-Store
4064,104,2373,2024-02-16,1,57.32,Online
4065,102,2373,2023-10-01,3,27.56,In-Store
4066,113,2373,2023-12-13,1,11.27,Online
4067,101,2373,2023-12-17,2,25.56,Online
4068,101,2373,2024-03-07,2,27.46,In-Store
4069,103,2373,2024-02-27,3,88.05,In-Store
4070,107,2374,2023-09-01,3,64.94,In-Store
4071,112,2374,2023-09-01,1,27.44,In-Store
4072,105,2374,2024-03-08,2,110.32,In-Store
4073,101,2374,2024-02-05,3,27.0,Online
4074,118,2374,2023-08-21,2,127.97,In-Store
4075,107,2374,2024-03-15,3,68.82,Online
4076,111,2374,2023-09-06,1,43.75,Online
4077,108,2374,2023-11-29,3,193.9,Online
4078,112,2375,2024-05-14,1,32.46,Online
4079,107,2375,2023-08-24,2,60.5,Online
4080,113,2375,2023-09-07,2,10.5,In-Store
4081,113,2375,2024-03-26,1,10.91,Online
4082,113,2375,2023-08-24,2,10.35,In-Store
4083,110,2375,2023-12-30,3,111.66,In-Store
4084,112,2375,2024-04-06,1,28.99,Online
4085,112,2375,2024-01-20,2,29.55,Online
4086,103,2375,2023-10-02,1,79.2,Online
4087,114,2375,2024-04-16,1,61.21,In-Store
4088,109,2375,2023-12-19,1,154.93,In-Store
4089,118,2375,2024-05-10,3,134.05,In-Store
4090,117,2375,2024-03-03,3,122.17,In-Store
4091,118,2375,2023-11-20,2,134.59,Online
4092,109,2375,2023-12-05,1,157.02,In-Store
4093,101,2375,2024-03-06,2,25.7,Online
4094,105,2375,2024-01-17,2,108.56,Online
4095,101,2375,2023-12-19,2,26.28,Online
4096,103,2375,2023-11-29,1,84.36,In-Store
4097,115,2375,2024-01-21,2,133.59,Online
4098,117,2375,2023-10-16,3,131.07,In-Store
4099,104,2375,2023-11-01,3,64.6,In-Store
4100,115,2375,2024-04-06,2,141.75,Online
4101,106,2375,2023-11-21,2,32.98,In-Store
4102,112,2375,2023-11-15,3,29.28,Online
4103,103,2375,2024-03-26,3,80.94,Online
4104,110,2375,2023-08-14,1,123.82,Online
4105,102,2375,2023-10-19,3,24.87,Online
4106,108,2375,2023-08-02,1,205.84,In-Store
4107,106,2376,2023-07-18,1,33.97,In-Store
4108,104,2376,2023-02-07,2,56.46,Online
4109,104,2377,2023-12-18,3,64.04,Online
4110,105,2377,2024-02-21,2,113.98,In-Store
4111,101,2377,2023-11-21,1,24.93,In-Store
4112,114,2377,2023-07-22,1,58.42,Online
4113,104,2377,2023-10-25,1,62.71,In-Store
4114,111,2377,2024-03-31,3,43.23,Online
4115,114,2377,2024-01-22,3,52.75,Online
4116,106,2377,2024-01-27,1,32.97,In-Store
4117,108,2377,2023-07-08,3,182.25,In-Store
4118,116,2377,2024-02-27,3,259.58,Online
4119,118,2377,2024-03-16,2,137.24,Online
4120,116,2377,2023-07-25,2,225.35,Online
4121,117,2377,2024-02-29,2,132.71,Online
4122,102,2377,2023-11-27,2,24.65,In-Store
4123,103,2377,2023-09-09,3,87.72,Online
4124,103,2377,2024-03-02,3,85.33,Online
4125,117,2377,2024-03-02,2,140.81,In-Store
4126,103,2377,2023-12-15,1,94.95,In-Store
4127,111,2378,2024-01-14,2,46.63,In-Store
4128,107,2378,2023-08-12,1,62.76,In-Store
4129,108,2378,2024-04-14,3,217.26,Online
4130,104,2378,2023-11-28,1,62.34,In-Store
4131,112,2378,2023-12-21,2,28.44,Online
4132,102,2378,2023-08-17,1,28.0,Online
4133,103,2378,2023-10-29,1,81.48,In-Store
4134,108,2378,2024-05-20,1,217.52,In-Store
4135,107,2378,2024-02-04,2,65.12,Online
4136,103,2378,2024-04-26,1,86.69,Online
4137,104,2378,2023-12-18,2,67.36,In-Store
4138,111,2378,2024-03-11,1,49.4,In-Store
4139,118,2378,2024-04-30,3,125.29,Online
4140,101,2378,2024-05-27,3,25.23,In-Store
4141,108,2378,2024-05-18,3,216.82,Online
4142,116,2378,2024-02-23,3,221.63,In-Store
4143,108,2378,2023-11-07,3,204.42,In-Store
4144,113,2378,2024-05-08,1,10.1,Online
4145,117,2378,2023-09-14,2,122.23,In-Store
4146,103,2378,2024-02-16,1,81.57,In-Store
4147,114,2378,2023-08-09,3,53.73,Online
4148,118,2378,2024-03-10,2,117.59,In-Store
4149,108,2378,2023-08-23,3,189.03,In-Store
4150,107,2378,2023-10-04,2,63.18,In-Store
4151,101,2379,2023-09-26,1,24.8,Online
4152,113,2379,2023-12-06,1,9.71,In-Store
4153,104,2379,2024-02-01,1,57.2,In-Store
4154,107,2379,2024-03-21,3,62.36,In-Store
4155,115,2379,2023-07-07,2,138.98,In-Store
4156,101,2379,2024-03-20,3,26.52,In-Store
4157,111,2379,2023-09-11,3,50.65,Online
4158,107,2379,2023-11-11,2,70.19,In-Store
4159,113,2379,2024-03-04,2,10.46,In-Store
4160,106,2379,2023-08-10,3,35.53,In-Store
4161,107,2380,2023-07-13,2,58.98,In-Store
4162,115,2380,2023-06-11,1,139.32,Online
4163,111,2381,2023-12-22,1,48.36,In-Store
4164,109,2381,2024-01-08,3,141.65,Online
4165,117,2381,2024-01-11,3,125.51,Online
4166,116,2381,2024-01-11,2,258.76,Online
4167,117,2381,2023-11-17,1,132.04,Online
4168,103,2381,2024-05-15,3,94.48,In-Store
4169,108,2381,2024-04-13,2,189.33,In-Store
4170,105,2381,2023-09-28,3,119.48,In-Store
4171,109,2381,2024-04-15,3,144.0,In-Store
4172,115,2381,2023-10-09,3,141.33,Online
4173,105,2381,2024-03-16,2,128.61,Online
4174,109,2381,2023-08-18,3,155.28,Online
4175,116,2381,2024-01-28,1,255.75,In-Store
4176,103,2381,2024-02-09,2,89.67,Online
4177,103,2381,2024-03-15,1,95.13,In-Store
4178,112,2381,2024-04-09,1,27.47,Online
4179,111,2381,2023-11-04,3,42.46,Online
4180,106,2381,2023-09-10,1,34.39,In-Store
4181,111,2381,2024-02-23,2,50.95,Online
4182,108,2381,2024-01-24,1,214.05,In-Store
4183,109,2381,2024-03-11,2,151.61,Online
4184,111,2381,2024-05-03,1,46.6,In-Store
4185,116,2381,2024-01-03,1,248.45,Online
4186,104,2381,2023-09-04,3,60.43,In-Store
4187,101,2381,2024-04-12,3,29.9,Online
4188,107,2382,2024-05-06,1,60.53,In-Store
4189,104,2382,2024-04-07,3,59.07,Online
4190,103,2382,2024-03-27,1,91.5,In-Store
4191,104,2382,2023-09-11,1,57.55,Online
4192,101,2382,2024-03-15,3,26.71,Online
4193,107,2382,2024-03-15,3,70.49,In-Store
4194,106,2382,2023-11-15,3,38.59,In-Store
4195,110,2382,2023-08-27,2,111.79,Online
4196,117,2383,2023-10-24,3,124.4,In-Store
4197,107,2383,2024-03-06,2,67.76,In-Store
4198,115,2383,2024-03-12,2,133.94,In-Store
4199,114,2383,2024-03-08,2,51.74,Online
4200,108,2383,2023-10-24,3,202.44,Online
4201,111,2383,2023-09-20,2,49.58,Online
4202,101,2383,2023-10-14,2,29.57,In-Store
4203,106,2383,2024-03-09,2,38.39,In-Store
4204,116,2383,2024-03-28,1,238.88,In-Store
4205,116,2383,2023-12-14,3,240.41,Online
4206,112,2383,2024-02-28,2,31.52,In-Store
4207,101,2384,2023-07-09,1,25.67,Online
4208,115,2384,2024-01-26,2,139.07,Online
4209,110,2384,2024-03-06,1,115.31,In-Store
4210,112,2384,2023-12-19,1,29.43,In-Store
4211,108,2384,2024-04-07,2,213.14,In-Store
4212,111,2384,2023-11-12,3,47.14,In-Store
4213,105,2384,2023-11-04,2,115.44,Online
4214,108,2384,2024-01-01,1,205.72,Online
4215,110,2384,2023-12-09,1,122.59,Online
4216,115,2384,2023-09-02,3,131.84,In-Store
4217,108,2384,2024-02-26,2,180.37,Online
4218,117,2384,2023-10-20,1,134.76,Online
4219,113,2384,2024-03-03,2,11.08,Online
4220,116,2384,2024-02-23,3,246.23,In-Store
4221,102,2384,2023-10-03,3,29.14,In-Store
4222,101,2384,2023-10-07,3,26.52,In-Store
4223,117,2384,2023-10-29,3,132.65,Online
4224,109,2384,2024-03-09,1,135.05,Online
4225,106,2385,2024-02-23,1,35.21,Online
4226,101,2385,2024-02-11,3,27.19,Online
4227,118,2385,2023-09-14,1,127.05,Online
4228,109,2385,2023-08-03,1,131.72,In-Store
4229,104,2385,2023-10-21,2,63.3,Online
4230,110,2385,2024-02-24,2,111.87,In-Store
4231,116,2385,2024-04-14,3,228.8,Online
4232,109,2385,2024-01-28,2,133.56,Online
4233,105,2386,2024-03-17,1,123.12,In-Store
4234,115,2386,2023-08-10,2,127.81,Online
4235,105,2386,2023-10-13,2,117.8,In-Store
4236,111,2386,2023-09-04,2,45.62,In-Store
4237,114,2386,2023-08-26,1,59.33,Online
4238,113,2386,2023-08-01,1,10.81,In-Store
4239,102,2386,2024-02-11,2,24.85,In-Store
4240,108,2386,2023-11-24,1,211.48,In-Store
4241,101,2386,2024-01-04,1,25.64,In-Store
4242,102,2386,2023-08-18,2,24.38,Online
4243,115,2386,2024-04-13,1,138.37,Online
4244,107,2386,2024-02-16,3,63.01,In-Store
4245,113,2386,2023-11-25,1,9.84,Online
4246,116,2386,2023-08-03,2,251.12,In-Store
4247,114,2386,2023-08-23,2,54.0,Online
4248,108,2386,2024-02-09,2,193.2,In-Store
4249,103,2387,2023-09-04,2,90.18,Online
4250,114,2387,2023-05-01,3,61.28,In-Store
4251,114,2388,2023-05-04,3,55.97,Online
4252,118,2388,2023-07-07,3,127.49,In-Store
4253,107,2389,2024-03-03,3,59.51,In-Store
4254,101,2389,2024-03-08,1,28.37,Online
4255,112,2389,2024-02-13,3,27.01,Online
4256,105,2389,2023-12-21,3,120.17,In-Store
4257,118,2389,2024-03-24,2,132.99,In-Store
4258,112,2389,2023-09-26,3,31.53,Online
4259,116,2389,2023-07-12,2,225.57,Online
4260,111,2389,2023-12-31,2,47.77,In-Store
4261,114,2389,2023-11-21,1,50.81,In-Store
4262,113,2389,2023-10-16,1,10.41,Online
4263,118,2389,2023-10-18,3,137.72,In-Store
4264,102,2389,2023-09-14,2,27.99,In-Store
4265,107,2389,2023-11-03,3,59.84,Online
4266,105,2389,2023-10-22,1,115.64,In-Store
4267,103,2389,2023-08-01,2,81.01,Online
4268,111,2389,2024-01-09,2,44.92,Online
4269,117,2389,2023-07-21,1,137.38,In-Store
4270,106,2389,2023-11-18,3,36.29,Online
4271,113,2389,2024-02-16,1,9.72,Online
4272,110,2390,2023-12-14,2,130.16,In-Store
4273,107,2390,2023-11-27,2,71.38,In-Store
4274,102,2390,2024-04-16,3,24.51,In-Store
4275,114,2390,2023-09-08,1,56.48,In-Store
4276,107,2390,2023-12-16,1,69.85,Online
4277,107,2390,2024-05-10,1,63.79,In-Store
4278,113,2390,2024-04-09,1,10.53,In-Store
4279,114,2390,2024-04-25,1,60.9,Online
4280,113,2390,2023-11-19,2,11.2,In-Store
4281,112,2390,2023-09-29,3,28.69,In-Store
4282,116,2390,2024-04-15,1,220.37,Online
4283,103,2391,2024-01-13,1,89.04,Online
4284,105,2391,2024-01-21,3,121.03,Online
4285,107,2391,2024-03-10,1,59.13,Online
4286,118,2391,2023-11-16,2,138.87,In-Store
4287,114,2391,2023-11-16,1,58.96,In-Store
4288,101,2391,2023-07-10,1,27.78,In-Store
4289,103,2391,2024-03-02,1,78.65,In-Store
4290,113,2391,2023-07-02,3,10.17,In-Store
4291,109,2391,2023-11-23,1,137.19,In-Store
4292,114,2391,2024-02-08,1,59.24,Online
4293,105,2391,2023-08-07,3,115.57,Online
4294,106,2391,2024-01-24,3,38.64,Online
4295,105,2391,2023-12-05,1,117.08,In-Store
4296,113,2391,2024-01-06,1,11.32,In-Store
4297,106,2391,2023-10-13,2,39.61,Online
4298,117,2391,2023-09-05,3,135.39,In-Store
4299,109,2391,2023-07-22,1,133.65,In-Store
4300,106,2391,2023-10-06,3,38.56,In-Store
4301,109,2392,2023-11-18,2,144.45,In-Store
4302,104,2392,2023-10-19,1,60.07,Online
4303,106,2392,2023-03-20,3,38.09,In-Store
4304,112,2393,2023-08-23,2,28.58,In-Store
4305,104,2393,2023-05-06,1,63.1,In-Store
4306,114,2394,2023-09-16,2,51.57,In-Store
4307,104,2394,2023-12-13,1,56.34,In-Store
4308,117,2394,2023-08-09,2,130.59,Online
4309,107,2394,2023-12-17,2,61.44,Online
4310,108,2394,2024-03-26,1,204.78,In-Store
4311,118,2394,2023-10-29,2,121.83,In-Store
4312,106,2394,2023-12-05,3,37.89,In-Store
4313,101,2394,2023-09-01,1,28.12,In-Store
4314,111,2394,2024-05-09,3,42.83,In-Store
4315,116,2394,2024-05-01,1,250.62,In-Store
4316,110,2394,2023-08-09,2,119.6,In-Store
4317,112,2395,2023-08-03,1,29.87,In-Store
4318,111,2396,2023-08-01,3,48.13,In-Store
4319,110,2396,2023-08-31,2,124.76,In-Store
4320,111,2396,2023-11-01,3,42.49,In-Store
4321,110,2396,2024-02-02,1,130.82,In-Store
4322,110,2396,2024-02-15,3,126.65,In-Store
4323,103,2396,2023-11-28,1,84.82,In-Store
4324,104,2396,2023-12-14,2,61.77,Online
4325,114,2396,2023-10-17,3,60.8,In-Store
4326,112,2396,2024-01-21,2,32.69,Online
4327,115,2396,2023-08-09,3,138.93,In-Store
4328,107,2396,2023-09-11,3,63.62,In-Store
4329,101,2396,2023-11-25,1,24.64,Online
4330,112,2396,2023-09-30,3,27.11,Online
4331,109,2396,2023-10-06,1,156.14,Online
4332,102,2396,2024-02-12,1,28.57,Online
4333,104,2396,2023-10-24,3,62.35,Online
4334,112,2397,2023-10-25,1,27.79,Online
4335,108,2397,2024-01-21,2,189.95,Online
4336,110,2397,2023-08-11,1,121.63,Online
4337,106,2397,2023-12-09,3,34.05,Online
4338,110,2397,2023-08-15,1,120.91,In-Store
4339,111,2397,2024-01-16,2,47.59,In-Store
4340,111,2397,2023-08-22,1,47.28,In-Store
4341,103,2397,2023-10-12,2,94.46,In-Store
4342,116,2397,2023-12-24,1,223.25,Online
4343,112,2397,2023-10-26,2,28.89,Online
4344,102,2397,2024-02-01,3,28.73,In-Store
4345,108,2397,2023-11-06,1,213.33,Online
4346,103,2398,2023-07-23,1,79.0,In-Store
4347,115,2398,2023-11-05,1,133.14,Online
4348,108,2399,2023-08-06,2,214.81,In-Store
4349,108,2399,2024-04-13,2,214.53,In-Store
4350,113,2399,2023-08-06,2,9.91,In-Store
4351,112,2399,2023-09-24,1,30.74,Online
4352,107,2399,2023-12-24,1,65.95,In-Store
4353,107,2399,2023-08-10,3,71.26,In-Store
4354,102,2399,2023-08-21,2,28.24,In-Store
4355,104,2399,2023-06-24,2,60.58,Online
4356,108,2399,2023-07-04,1,199.96,Online
4357,118,2399,2023-11-23,1,142.67,Online
4358,116,2399,2023-09-03,1,253.48,Online
4359,106,2399,2024-03-13,3,34.02,Online
4360,106,2400,2023-09-27,3,35.97,Online
4361,113,2400,2023-12-09,2,10.65,Online
4362,115,2400,2023-11-22,2,126.42,In-Store
4363,112,2400,2023-07-11,1,31.4,In-Store
4364,102,2400,2024-03-14,3,28.43,In-Store
4365,103,2400,2023-09-04,1,90.58,Online
4366,106,2400,2023-08-23,3,37.83,Online
4367,113,2400,2024-04-23,1,11.23,In-Store
4368,118,2400,2023-07-06,2,127.68,Online
4369,110,2400,2024-04-10,2,125.43,Online
4370,117,2400,2024-02-17,1,132.68,Online
4371,113,2400,2023-10-20,1,11.11,In-Store
11,117,2002,2024-04-14,3,120.28,Online
